Short_Name_Etf,Ticker_Etf_Yf,Ticker_Etf,Devise,Place_Boursiere_Etf,Volume_Moyen,Frais_pct
OSSIAM CAC 40 NR - UCITS ETF 1C,0CAC.PA,0CAC,EUR,PAR,13.0,
Ossiam MSCI EMU - UCITS ETF 1C ,0EMU.PA,0EMU,EUR,PAR,16.0,
OSSIAM MSCI WORLD - UCITS ETF 1,0SWE.PA,0SWE,EUR,PAR,171.0,
Ossiam S&P500 - UCITS ETF 1C (E,0USE.PA,0USE,EUR,PAR,116.0,
Amundi Core FTSE 100 Swap UCITS,100H.PA,100H,EUR,PAR,470.0,0.3
iShares iBonds Dec 2026 Term US,26ID.PA,26ID,EUR,PAR,53.0,
iShares iBonds Dec 2026 Term EU,26TP.PA,26TP,EUR,PAR,22.0,
iShares iBonds Dec 2027 Term $ ,27IT-EUR.PA,27IT-EUR,EUR,PAR,,
iShares iBonds Dec 2028 Term US,28ID.PA,28ID,EUR,PAR,166.0,
iShares iBonds Dec 2028 Term EU,28IY.PA,28IY,EUR,PAR,375.0,
iShares iBonds Dec 2029 Term EU,29GI.PA,29GI,EUR,PAR,3026.0,
iShares iBonds Dec 2029 Term $ ,29ID-EUR.PA,29ID-EUR,EUR,PAR,,
iShares iBonds Dec 2029 Term $ ,29IT-EUR.PA,29IT-EUR,EUR,PAR,,
iShares iBonds Dec 2030 Term $ ,30ID-EUR.PA,30ID-EUR,EUR,PAR,,
iShares iBonds Dec 2030 Term EU,30IG.PA,30IG,EUR,PAR,1800.0,
Amundi S&P 500 Swap UCITS ETF E,500.PA,500,EUR,PAR,10203.0,0.15
Amundi S&P 500 Swap UCITS ETF E,500H.PA,500H,EUR,PAR,6698.0,0.28
Amundi S&P 500 Swap UCITS ETF U,500U.PA,500U,USD,PAR,13848.0,0.15
HSBC EURO STOXX 50 ETF,50E.PA,50E,EUR,PAR,6421.0,0.05
Ossiam Shiller Barclays CAPE(R),5OGE.PA,5OGE,EUR,PAR,52.0,
Ossiam Shiller Barclays CAPE(R),5OGU.PA,5OGU,USD,PAR,0.0,
VNEX      PI OPENV,8G19V.PA,8G19V,EUR,PAR,,
AMEXB     PI OPENN,AABAB.PA,AABAB,EUR,PAR,,
DJCHM     PI OPENN,AABCH.PA,AABCH,EUR,PAR,,
DAX       PI OPENN,AABDX.PA,AABDX,EUR,PAR,,
DJOIL     PI OPENN,AABEN.PA,AABEN,EUR,PAR,,
DJFOD     PI OPENN,AABFB.PA,AABFB,EUR,PAR,,
GBUGS     PI OPENN,AABGB.PA,AABGB,EUR,PAR,,
DJBKS     PI OPENN,AABKX.PA,AABKX,EUR,PAR,,
21Shares Cardano ETP,AADA.PA,AADA,EUR,PAR,839.0,
DJFIN     PI OPENN,AAFIN.PA,AAFIN,EUR,PAR,,
DJHLT     PI OPENN,AAHLT.PA,AAHLT,EUR,PAR,,
DJGDS     PI OPENN,AAIND.PA,AAIND,EUR,PAR,,
DJINS     PI OPENN,AAINS.PA,AAINS,EUR,PAR,,
21Shares Arbitrum ETP,AARB-EUR.PA,AARB-EUR,EUR,PAR,,
SXRE      PI OPENB,AARTL.PA,AARTL,EUR,PAR,,
AMUNDI MSCI EM ASIA UCITS ETF -,AASI.PA,AASI,EUR,PAR,17312.0,0.2
ESTX      PI OPENN,AASTX.PA,AASTX,EUR,PAR,,
AMUNDI MSCI EM ASIA UCITS ETF -,AASU.PA,AASU,USD,PAR,2366.0,0.2
DJTCH     PI OPENN,AATCX.PA,AATCX,EUR,PAR,,
DJTLC     PI OPENN,AATLC.PA,AATLC,EUR,PAR,,
DJUTI     PI OPENN,AAUTL.PA,AAUTL,EUR,PAR,,
21Shares Aave ETP,AAVE-EUR.PA,AAVE-EUR,EUR,PAR,,
21Shares Bitcoin Cash ETP,ABCH-EUR.PA,ABCH-EUR,EUR,PAR,,
ESTX      PI OPENN,ABDJE.PA,ABDJE,EUR,PAR,,
DOWJO     PI OPENN,ABDJI.PA,ABDJI,EUR,PAR,,
HSI       PI OPENN,ABHSN.PA,ABHSN,EUR,PAR,,
AXA IM ACT Biodiversity Equity ,ABIU.PA,ABIU,USD,PAR,93.0,
Z KOREA   CT OPENN,ABKSP.PA,ABKSP,EUR,PAR,,
SP500     PI OPENN,ABNSP.PA,ABNSP,EUR,PAR,,
NASDQ     PI OPENN,ABNSQ.PA,ABNSQ,EUR,PAR,,
SMI       PI OPENN,ABSMI.PA,ABSMI,EUR,PAR,,
21Shares Bitcoin ETP - ABTC,ABTC.PA,ABTC,EUR,PAR,5428.0,
BNP Paribas Easy ESG Enhanced E,ACE27.PA,ACE27,EUR,PAR,419.0,
BNP Paribas Easy ESG Enhanced E,ACE29.PA,ACE29,EUR,PAR,1124.0,
BNP Paribas Easy ESG Enhanced E,ACE32.PA,ACE32,EUR,PAR,2419.0,
BNP Paribas Easy ESG Enhanced E,ACES.PA,ACES,EUR,PAR,87.0,
BNP Paribas Easy ESG Enhanced E,ACESD.PA,ACESD,EUR,PAR,442.0,
AXA IM ACT Climate Equity UCITS,ACLU.PA,ACLU,USD,PAR,56.0,
SPDR MSCI All Country World UCI,ACWE.PA,ACWE,EUR,PAR,1521.0,0.4
Amundi MSCI All Country World U,ACWI.PA,ACWI,EUR,PAR,398.0,0.45
VALOUR CARDANO,ADAVE.PA,ADAVE,EUR,PAR,,
WisdomTree Physical Cardano,ADAW.PA,ADAW,EUR,PAR,,
21Shares Polkadot ETP,ADOT-EUR.PA,ADOT-EUR,EUR,PAR,,
Amundi MSCI Emerging Markets Sw,AEEM.PA,AEEM,EUR,PAR,255078.0,0.2
Amundi MSCI AC Asia Pacific Ex ,AEJ.PA,AEJ,EUR,PAR,6155.0,0.6
Amundi Core MSCI Emerging Marke,AEME.PA,AEME,EUR,PAR,9243.0,0.18
BNP PARIBAS EASY ESG Enhanced E,AEMUS.PA,AEMUS,EUR,PAR,38832.0,
21Shares Ethereum Staking ETP,AETH.PA,AETH,EUR,PAR,3430.0,
BNP PARIBAS EASY ESG Enhanced E,AEUSE.PA,AEUSE,EUR,PAR,8899.0,
AMUNDI FLOATING RATE USD CORPOR,AFLE.PA,AFLE,EUR,PAR,862.0,0.2
AMUNDI FLOATING RATE USD CORPOR,AFLT.PA,AFLT,USD,PAR,3077.0,0.18
Amundi EUR Floating Rate Corpor,AFRHG.PA,AFRHG,GBP,PAR,420.0,0.2
Amundi EUR Floating Rate Corpor,AFRHU.PA,AFRHU,USD,PAR,39.0,0.2
AMUNDI FLOATING RATE EURO CORPO,AFRN.PA,AFRN,EUR,PAR,2263.0,0.18
Amundi USD Emerging Markets Gov,AGEB.PA,AGEB,USD,PAR,589.0,0.25
BNP PARIBAS EASY ESG Enhanced E,AGES.PA,AGES,EUR,PAR,2319.0,
BNP Paribas Easy ESG Enhanced E,AGESD.PA,AGESD,EUR,PAR,482.0,
AMUNDI EURO HIGH YIELD BOND ESG,AHYE.PA,AHYE,EUR,PAR,805.0,0.35
AXA IM US High Yield Opportunit,AHYU.PA,AHYU,USD,PAR,31.0,
iShares AI Adopters & Applicati,AIAA-EUR.PA,AIAA-EUR,EUR,PAR,,
21Shares Immutable ETP,AIMX-EUR.PA,AIMX-EUR,EUR,PAR,,
iShares AI Infrastructure UCITS,AINF-EUR.PA,AINF-EUR,EUR,PAR,,
21Shares Injective Staking ETP,AINJ-EUR.PA,AINJ-EUR,EUR,PAR,,
AXA IM Euro Credit PAB UCITS ET,AIPE.PA,AIPE,EUR,PAR,1882.0,
AXA IM USD Credit PAB UCITS ETF,AIPU.PA,AIPU,USD,PAR,62.0,
BNP PARIBAS EASY ESG ENHANCED J,AJASE.PA,AJASE,EUR,PAR,5649.0,
BNP Paribas Easy ESG Enhanced J,AJASH.PA,AJASH,EUR,PAR,0.0,
BNP PARIBAS EASY ESG ENHANCED J,AJASR.PA,AJASR,EUR,PAR,4.0,
AMUNDI MSCI EM LATIN AMERICA UC,ALAT.PA,ALAT,EUR,PAR,12340.0,0.2
AMUNDI MSCI EM LATIN AMERICA UC,ALAU.PA,ALAU,USD,PAR,5301.0,0.2
21Shares Algorand ETP,ALGO.PA,ALGO,EUR,PAR,1638.0,
21Shares Chainlink ETP,ALINK.PA,ALINK,EUR,PAR,1881.0,
WisdomTree Physical Crypto Altc,ALTC-EUR.PA,ALTC-EUR,EUR,PAR,,
21Shares Crypto Mid-Market Inde,ALTS-EUR.PA,ALTS-EUR,EUR,PAR,,
Amundi Euro Government Bond Hig,AM3A.PA,AM3A,EUR,PAR,383.0,0.14
Tracker Securities on AMINAX In,AMINA.PA,AMINA,EUR,PAR,,
Amundi Global Hydrogen UCITS ET,ANRJ.PA,ANRJ,EUR,PAR,531.0,
Amundi Nasdaq-100 Swap UCITS ET,ANX.PA,ANX,EUR,PAR,3725.0,0.23
Amundi Nasdaq-100 Swap UCITS ET,ANXU.PA,ANXU,USD,PAR,1459.0,0.23
21Shares Optimism ETP,AOPT-EUR.PA,AOPT-EUR,EUR,PAR,,
21Shares Aptos Staking ETP,APTOS.PA,APTOS,EUR,PAR,795.0,2.5
Amundi MSCI AC Asia Ex Japan UC,APX.PA,APX,EUR,PAR,280.0,0.5
Future of European Defence Scre,ARMY.PA,ARMY,EUR,PAR,8901.0,
Amundi MSCI China ESG Selection,ASI.PA,ASI,EUR,PAR,4724.0,0.65
21Shares Solana Staking ETP,ASOL-EUR.PA,ASOL-EUR,EUR,PAR,,
21Shares Stacks Staking ETP,ASTX-EUR.PA,ASTX-EUR,EUR,PAR,,
21Shares Sui Staking ETP,ASUI-EUR.PA,ASUI-EUR,EUR,PAR,,
21Shares Celestia Staking ETP,ATIA.PA,ATIA,EUR,PAR,,
Amundi MSCI Emerging Markets Sw,AUEM.PA,AUEM,USD,PAR,116828.0,0.2
21Shares Uniswap ETP,AUNI-EUR.PA,AUNI-EUR,EUR,PAR,,
BNP PARIBAS EASY ESG ENHANCED U,AUSSD.PA,AUSSD,USD,PAR,590.0,
BNP PARIBAS EASY ESG ENHANCED U,AUSSE.PA,AUSSE,EUR,PAR,9015.0,
BNP Paribas Easy ESG Enhanced U,AUSSH.PA,AUSSH,EUR,PAR,0.0,
BNP PARIBAS EASY ESG ENHANCED U,AUSSR.PA,AUSSR,EUR,PAR,4.0,
21Shares Avalanche Staking ETP,AVAX-EUR.PA,AVAX-EUR,EUR,PAR,,
Amundi PEA Eau (MSCI Water) UCI,AWAT.PA,AWAT,EUR,PAR,6551.0,0.6
BNP PARIBAS EASY ESG ENHANCED W,AWDSE.PA,AWDSE,EUR,PAR,12656.0,
BNP Paribas Easy ESG Enhanced W,AWDSH.PA,AWDSH,EUR,PAR,0.0,
BNP PARIBAS EASY ESG ENHANCED W,AWDSR.PA,AWDSR,EUR,PAR,16.0,
21Shares Stellar ETP,AXLM-EUR.PA,AXLM-EUR,EUR,PAR,,
21Shares XRP ETP,AXRP-EUR.PA,AXRP-EUR,EUR,PAR,,
21Shares Tezos Staking ETP,AXTZ-EUR.PA,AXTZ-EUR,EUR,PAR,,
iShares iBonds Dec 2026 Term  C,B26A.PA,B26A,EUR,PAR,9154.0,
iShares iBonds Dec 2028 Term  C,B28A.PA,B28A,EUR,PAR,35053.0,
BNP Paribas Easy ESG Eurozone B,BIODV.PA,BIODV,EUR,PAR,1098.0,
CoinShares Bitcoin ETP,BITC.PA,BITC,EUR,PAR,,
WisdomTree Physical Crypto Mega,BLOC.PA,BLOC,EUR,PAR,,
BNP PARIBAS EASY ECPI GLOBAL ES,BLUE.PA,BLUE,EUR,PAR,4413.0,
BNP Paribas Easy ECPI Global ES,BLUSD.PA,BLUSD,USD,PAR,0.0,
DDA Bitcoin Macro ETP,BMAC.PA,BMAC,EUR,PAR,,
21Shares Binance Coin ETP,BNBA-EUR.PA,BNBA-EUR,EUR,PAR,,
Amundi STOXX Europe 600 Banks U,BNK.PA,BNK,EUR,PAR,118774.0,0.3
Amundi Euro Stoxx Banks UCITS E,BNKE.PA,BNKE,EUR,PAR,21978.0,0.3
21Shares Bitcoin Gold ETP,BOLD-EUR.PA,BOLD-EUR,EUR,PAR,,
Amundi STOXX Europe 600 Basic R,BRES.PA,BRES,EUR,PAR,6609.0,0.3
BNP Paribas Easy EUR Aggregate ,BSRIC.PA,BSRIC,EUR,PAR,2268.0,
BNP Paribas Easy EUR Aggregate ,BSRID.PA,BSRID,EUR,PAR,8.0,
Amundi EURO STOXX 50 Daily (-1x,BSX.PA,BSX,EUR,PAR,39213.0,0.4
MELANION BITCOIN EQUITIES UCITS,BTC.PA,BTC,EUR,PAR,5373.0,
VALOUR BITCOIN ZERO,BTC0E.PA,BTC0E,EUR,PAR,,
Bitwise Core Bitcoin ETP (BTC1),BTC1.PA,BTC1,EUR,PAR,1868.0,
Bitwise Diaman Bitcoin & Gold E,BTCG-EUR.PA,BTCG-EUR,EUR,PAR,,
Amundi Italy BTP Daily (-2x) In,BTPS.PA,BTPS,EUR,PAR,220.0,0.4
Invesco Global Buyback Achiever,BUYB.PA,BUYB,EUR,PAR,1079.0,
Amundi CAC 40 Daily (-2x) Inver,BX4.PA,BX4,EUR,PAR,13349470.0,0.6
Amundi EURO STOXX 50 Daily (-2x,BXX.PA,BXX,EUR,PAR,842374.0,0.6
AMUNDI S&P 500 BUYBACK UCITS ET,BYBE.PA,BYBE,EUR,PAR,311.0,0.15
AMUNDI S&P 500 BUYBACK UCITS ET,BYBU.PA,BYBU,USD,PAR,47.0,0.15
Amundi MSCI UK IMI SRI Climate ,C1U.PA,C1U,EUR,PAR,56.0,0.18
Amundi Euro Government Bond 0-6,C3M.PA,C3M,EUR,PAR,1660.0,
AMUNDI CAC 40 ESG UCITS ETF Acc,C40.PA,C40,EUR,PAR,4807.0,0.25
AMUNDI CAC 40 ESG UCITS ETF Dis,C4D.PA,C4D,EUR,PAR,2703.0,0.25
Amundi Core EURO STOXX 50 UCITS,C50.PA,C50,EUR,PAR,15433.0,0.09
Amundi Core EURO STOXX 50 UCITS,C50U.PA,C50U,USD,PAR,925.0,0.09
Amundi Euro Government Bond 5-7,C53D.PA,C53D,EUR,PAR,37.0,0.15
Amundi Stoxx Europe 50 UCITS ET,C5E.PA,C5E,EUR,PAR,1767.0,
AMUNDI STOXX EUROPE 600 ESG,C6E.PA,C6E,EUR,PAR,4941.0,0.18
Amundi CAC 40 UCITS ETF S - Acc,CA40.PA,CA40,EUR,PAR,3396.0,
Amundi CAC 40 UCITS ETF Dist,CAC.PA,CAC,EUR,PAR,33033.0,0.25
Amundi CAC 40 UCITS ETF Acc,CACC.PA,CACC,EUR,PAR,41841.0,0.25
OSSIAM Shiller Barclays CAPE Eu,CAPE.PA,CAPE,EUR,PAR,42.0,0.65
Ossiam Shiller Barclays CAPE US,CAPH.PA,CAPH,EUR,PAR,3.0,
OSSIAM SHILLER BARCLAYS CAPE US,CAPU.PA,CAPU,EUR,PAR,633.0,0.65
BNP Paribas Easy EUR Overnight ,CASHE.PA,CASHE,EUR,PAR,7748.0,
AMUNDI EURO GOVERNMENT TILTED G,CB3.PA,CB3,EUR,PAR,1055.0,0.14
21Shares Bitcoin Core ETP,CBTC-EUR.PA,CBTC-EUR,EUR,PAR,,
Amundi MSCI China Tech UCITS ET,CC1.PA,CC1,EUR,PAR,1590.0,0.55
Amundi MSCI China Tech UCITS ET,CC1U.PA,CC1U,USD,PAR,49.0,0.55
Amundi EUR Corporate Bond ESG -,CC4.PA,CC4,EUR,PAR,417.0,0.14
Amundi Core EURO STOXX 50 UCITS,CD5.PA,CD5,EUR,PAR,4751.0,0.09
Amundi MSCI EMU High Dividend U,CD8.PA,CD8,EUR,PAR,2301.0,
AMUNDI MSCI Europe High Dividen,CD9.PA,CD9,EUR,PAR,1019.0,0.23
AMUNDI MSCI WORLD EX EUROPE UCI,CE8.PA,CE8,EUR,PAR,64.0,0.35
Amundi MSCI Eastern Europe Ex R,CEC.PA,CEC,EUR,PAR,9751.0,0.5
Amundi MSCI Europe Small Cap ES,CEM.PA,CEM,EUR,PAR,640.0,0.23
CoinShares Ethereum Staking ETP,CETH.PA,CETH,EUR,PAR,,
Amundi MSCI Europe ESG Broad Tr,CEU.PA,CEU,EUR,PAR,1284.0,0.12
Amundi Core MSCI Europe UCITS E,CEU2.PA,CEU2,EUR,PAR,35029.0,0.12
AMUNDI CAC TRANSITION CLIMAT UC,CF1.PA,CF1,EUR,PAR,55.0,
AMUNDI ETF DAX UCITS ETF DR,CG1.PA,CG1,EUR,PAR,830.0,
AMUNDI MSCI EUROPE GROWTH UCITS,CG9.PA,CG9,EUR,PAR,407.0,0.35
BNP PARIBAS EASY MSCI China Min,CHINE.PA,CHINE,EUR,PAR,4670.0,
BNP Paribas Easy MSCI China Min,CHINU.PA,CHINU,USD,PAR,5788.0,
Amundi MSCI Semiconductors UCIT,CHIP.PA,CHIP,EUR,PAR,10692.0,0.35
Amundi STOXX Europe 600 Basic M,CHM.PA,CHM,EUR,PAR,117.0,0.3
Amundi MSCI India Swap II UCITS,CI2.PA,CI2,EUR,PAR,175.0,0.8
Amundi MSCI India Swap II UCITS,CI2U.PA,CI2U,USD,PAR,46.0,0.8
iShares Smart City Infrastructu,CITY-EUR.PA,CITY-EUR,EUR,PAR,,
Amundi MSCI Japan ESG Broad Tra,CJ1.PA,CJ1,EUR,PAR,490.0,0.15
Amundi MSCI USA Daily (2x) Leve,CL2.PA,CL2,EUR,PAR,54984.0,
Amundi MSCI Emerging Markets ES,CLEM.PA,CLEM,EUR,PAR,1440.0,0.18
Amundi Global Aggregate Green B,CLIM.PA,CLIM,EUR,PAR,1836.0,0.25
Guinness Sustainable Energy UCI,CLMA.PA,CLMA,EUR,PAR,19.0,0.65
iShares $ AAA CLO Active UCITS ,CLOR.PA,CLOR,USD,PAR,18.0,
Amundi MSCI World ESG Broad Tra,CLWD.PA,CLWD,EUR,PAR,14874.0,0.2
CM-AM Euro Stoxx 50 UCITS ETF,CM5E.PA,CM5E,EUR,PAR,384.0,
Amundi MSCI World Ex EMU UCITS ,CM9.PA,CM9,EUR,PAR,127.0,
iShares Diversified Commodity S,CMSE.PA,CMSE,EUR,PAR,3394.0,
Amundi MSCI EMU ESG Selection -,CMU.PA,CMU,EUR,PAR,2650.0,0.25
Amundi MSCI EMU ESG Selection -,CMUD.PA,CMUD,EUR,PAR,581.0,0.25
AMUNDI MSCI NORDIC UCITS ETF - ,CN1.PA,CN1,EUR,PAR,146.0,0.25
Amundi MSCI China A UCITS ETF A,CNAA.PA,CNAA,EUR,PAR,512.0,0.35
Amundi EUR Corporate Bond ex-Fi,CNB.PA,CNB,EUR,PAR,251.0,0.14
Amundi MSCI China ESG Selection,CNEG.PA,CNEG,EUR,PAR,2594.0,0.35
HSBC MSCI CHINA ETF,CNY.PA,CNY,EUR,PAR,40101.0,0.3
Amundi S&P World Consumer Discr,CODW.PA,CODW,EUR,PAR,2672.0,0.18
Amundi Bloomberg Equal-weight C,COMO.PA,COMO,EUR,PAR,9683.0,0.3
Amundi PEA S&P US Consumer Stap,COSE.PA,COSE,EUR,PAR,896.0,
Amundi S&P World Consumer Stapl,COSW.PA,COSW,EUR,PAR,1670.0,0.18
Amundi MSCI Pacific Ex Japan SR,CP9.PA,CP9,EUR,PAR,193.0,0.45
Amundi MSCI Pacific Ex Japan SR,CP9U.PA,CP9U,USD,PAR,54.0,0.2
21Shares Cronos ETP,CRON.PA,CRON,EUR,PAR,119.0,
Amundi EUR Corporate Bond Clima,CRP.PA,CRP,EUR,PAR,1405.0,0.14
Amundi IBEX 35 UCITS ETF - Acc,CS1.PA,CS1,EUR,PAR,2589.0,0.3
Amundi MSCI Europe ex Switzerla,CS9.PA,CS9,EUR,PAR,432.0,0.15
Amundi EUR Overnight Return UCI,CSH.PA,CSH,EUR,PAR,10070.0,0.1
Amundi Smart Overnight Return U,CSH2.PA,CSH2,EUR,PAR,37881.0,0.1
AMUNDI MSCI SWITZERLAND UCITS E,CSW.PA,CSW,EUR,PAR,23298.0,0.25
AMUNDI MSCI SWITZERLAND UCITS E,CSWC.PA,CSWC,CHF,PAR,9839.0,0.25
Amundi PEA MSCI USA ESG Selecti,CU2.PA,CU2,EUR,PAR,210.0,0.35
Amundi PEA MSCI USA ESG Selecti,CU2U.PA,CU2U,USD,PAR,77.0,0.35
Amundi MSCI Europe Ex EMU ESG S,CU9.PA,CU9,EUR,PAR,612.0,
AMUNDI MSCI Europe Value Factor,CV9.PA,CV9,EUR,PAR,612.0,0.23
Amundi MSCI World Swap UCITS ET,CW8.PA,CW8,EUR,PAR,7713.0,0.38
Amundi MSCI World Swap UCITS ET,CW8U.PA,CW8U,USD,PAR,258.0,0.38
Amundi Global Bioenergy UCITS E,CWE.PA,CWE,EUR,PAR,332.0,0.35
Amundi Global Bioenergy UCITS E,CWEU.PA,CWEU,USD,PAR,83.0,0.35
iShares China CNY Bond UCITS ET,CYEA.PA,CYEA,EUR,PAR,1883.0,0.35
Bitwise MSCI Digital Assets Sel,DA20.PA,DA20,EUR,PAR,,
VanEck Crypto and Blockchain In,DAPP.PA,DAPP,EUR,PAR,34455.0,0.65
Amundi DAX II UCITS ETF Acc,DAX.PA,DAX,EUR,PAR,7452.0,0.15
iMGP DBi Managed Futures Fund R,DBMF.PA,DBMF,USD,PAR,735.0,
iMGP DBi Managed Futures Fund R,DBMFE.PA,DBMFE,EUR,PAR,819.0,
AMUNDI PEA MONDE MSCI World UCI,DCAM.PA,DCAM,EUR,PAR,563067.0,
AMUNDI STOXX EUROPE DEFENSE UCI,DEFS.PA,DEFS,EUR,PAR,219445.0,0.35
iShares Global Aerospace & Defe,DFND.PA,DFND,EUR,PAR,112646.0,0.35
VanEck Defense UCITS ETF,DFNS.PA,DFNS,EUR,PAR,23592.0,0.55
iShares Digital Entertainment a,DGGE.PA,DGGE,EUR,PAR,3505.0,
WisdomTree US Quality Dividend ,DGRA.PA,DGRA,EUR,PAR,190.0,
iShares iBonds Dec 2027 Term $ ,DI27.PA,DI27,EUR,PAR,197.0,
iShares iBonds Dec 2035 Term $ ,DI35-EUR.PA,DI35-EUR,EUR,PAR,,
Franklin European Quality Divid,DIVA.PA,DIVA,EUR,PAR,251.0,
Amundi Dow Jones Industrial Ave,DJE.PA,DJE,EUR,PAR,465.0,0.5
VALOUR POLKADOT,DOTVE-XPAR.PA,DOTVE-XPAR,EUR,PAR,,
WisdomTree Physical Polkadot,DOTW.PA,DOTW,EUR,PAR,,
Amundi German Bund Daily (-2x) ,DSB.PA,DSB,EUR,PAR,353.0,0.2
Amundi ShortDAX Daily (-2x) Inv,DSD.PA,DSD,EUR,PAR,274818.0,0.6
Amundi MSCI USA Daily (-1x) Inv,DSP5.PA,DSP5,EUR,PAR,36814.0,0.6
BNP Paribas EASY CAC 40(R) ESG ,E40.PA,E40,EUR,PAR,7863.0,
SPDR Bloomberg Euro Aggregate B,EAGG.PA,EAGG,EUR,PAR,992.0,0.17
AMUNDI EUR CORPORATE BOND 1-5Y ,EBBB.PA,EBBB,EUR,PAR,4564.0,0.2
Amundi EUR Corporate Bond 1-5Y ,EBBU.PA,EBBU,USD,PAR,777.0,
Amundi MSCI Digital Economy UCI,EBUY.PA,EBUY,EUR,PAR,1954.0,0.45
BNP Paribas Easy Low Carbon 100,ECN.PA,ECN,EUR,PAR,762.0,
BNP Paribas Easy Low Carbon 100,ECND.PA,ECND,EUR,PAR,170.0,
Amundi Euro Corp 0-1Y ESG UCITS,ECR1.PA,ECR1,EUR,PAR,255.0,0.08
Amundi EUR Corporate Bond ESG -,ECRP.PA,ECRP,EUR,PAR,17971.0,0.14
Amundi EUR Corporate Bond 0-3Y ,ECRP3.PA,ECRP3,EUR,PAR,7518.0,0.12
BNP Paribas Easy Dividend Europ,EDEU.PA,EDEU,EUR,PAR,197.0,
Amundi S&P Eurozone Dividend Ar,EDIV.PA,EDIV,EUR,PAR,2253.0,0.3
BNP Paribas Easy FTSE EPRA/NARE,EEA.PA,EEA,EUR,PAR,6880.0,
BNP Paribas Easy FTSE EPRA/NARE,EEE.PA,EEE,EUR,PAR,10049.0,
WisdomTree Europe Equity Income,EEI.PA,EEI,EUR,PAR,634.0,
BNP PARIBAS EASY MSCI Emerging ,EEMK.PA,EEMK,EUR,PAR,45333.0,
BNP PARIBAS EASY MSCI EMU Min T,EEMU.PA,EEMU,EUR,PAR,70263.0,
Amundi MSCI EMU SRI Climate Par,EESG.PA,EESG,EUR,PAR,419.0,0.18
BNP Paribas Easy MSCI Europe Sm,EESM.PA,EESM,EUR,PAR,948.0,
BNP PARIBAS EASY MSCI Europe Mi,EEUE.PA,EEUE,EUR,PAR,47223.0,
Amundi Core Euro Government Bon,EGOV.PA,EGOV,EUR,PAR,4230.0,0.09
WisdomTree Eurozone Quality Div,EGRA.PA,EGRA,EUR,PAR,122.0,
Amundi Euro Aggregate Bond ESG ,EGRI.PA,EGRI,EUR,PAR,6329.0,0.16
BNP PARIBAS EASY Growth Europe ,EGRO.PA,EGRO,EUR,PAR,95.0,
BNP Paribas Easy MSCI Emerging ,EISR.PA,EISR,EUR,PAR,103.0,
BNP PARIBAS EASY MSCI Japan Min,EJAH.PA,EJAH,EUR,PAR,6786.0,
BNP Paribas Easy MSCI Japan Min,EJAP.PA,EJAP,EUR,PAR,49648.0,
BNP Paribas Easy MSCI Japan Min,EJAPU.PA,EJAPU,USD,PAR,0.0,
BNP Paribas Easy MSCI USA SRI P,EKLD.PA,EKLD,USD,PAR,2770.0,
BNP Paribas Easy MSCI USA SRI P,EKLDC.PA,EKLDC,EUR,PAR,4017.0,
BNP Paribas Easy MSCI USA SRI P,EKUS.PA,EKUS,EUR,PAR,681.0,
Amundi MSCI Smart Mobility UCIT,ELCR.PA,ELCR,EUR,PAR,3708.0,0.45
Amundi Global Gender Equality,ELLE.PA,ELLE,EUR,PAR,4156.0,0.2
Bitwise Physical Litecoin ETP,ELTC-EUR.PA,ELTC-EUR,EUR,PAR,,
BNP Paribas Easy JPM ESG EMBI G,EMBH.PA,EMBH,EUR,PAR,3404.0,
BNP Paribas Easy JPM ESG EMBI G,EMBI.PA,EMBI,USD,PAR,3886.0,
BNP PARIBAS EASY ENERGY & METAL,EMEH.PA,EMEH,EUR,PAR,6981.0,
Franklin FTSE Emerging Markets ,EMERG.PA,EMERG,EUR,PAR,80.0,0.16
iShares J.P. Morgan EM Local Go,EMGA.PA,EMGA,EUR,PAR,7038.0,
Invesco FTSE Emerging Markets H,EMHD.PA,EMHD,EUR,PAR,345.0,
BNP Paribas Easy MSCI Emerging ,EMIS.PA,EMIS,EUR,PAR,6602.0,
VanEck J.P. Morgan EM Local Cur,EMLC.PA,EMLC,EUR,PAR,374.0,0.3
SPDR Bloomberg Emerging Markets,EMLD.PA,EMLD,EUR,PAR,395.0,0.55
EMQQ Emerging Markets Internet ,EMQQ.PA,EMQQ,EUR,PAR,1393.0,0.86
SPDR MSCI Emerging Markets UCIT,EMRG.PA,EMRG,EUR,PAR,2629.0,0.42
BNP Paribas Easy MSCI Emerging ,EMSR.PA,EMSR,USD,PAR,253.0,
Amundi MSCI Emerging Markets SR,EMSRI.PA,EMSRI,EUR,PAR,6075.0,0.25
BNP Paribas Easy MSCI World SRI,EMWD.PA,EMWD,EUR,PAR,2341.0,
BNP Paribas Easy MSCI World SRI,EMWE.PA,EMWE,EUR,PAR,6955.0,
Amundi MSCI Emerging Ex China U,EMXC.PA,EMXC,EUR,PAR,468.0,0.15
Amundi MSCI Emerging Ex China E,EMXU.PA,EMXU,EUR,PAR,870.0,
BNP PARIBAS EASY MSCI USA Min T,ENAM.PA,ENAM,EUR,PAR,32697.0,
BNP Paribas EASY ECPI Global ES,ENG.PA,ENG,EUR,PAR,139.0,
BNP Paribas EASY ECPI Global ES,ENGUS.PA,ENGUS,USD,PAR,89.0,
Amundi STOXX Europe 600 Energy ,ENRG.PA,ENRG,EUR,PAR,4148.0,0.3
Amundi S&P Eurozone Climate Par,EPAB.PA,EPAB,EUR,PAR,9052.0,0.2
iShares  Short Term Swap PEA ET,EPEA.PA,EPEA,EUR,PAR,3068.0,
BNP PARIBAS EASY MSCI Pacific e,EPEJ.PA,EPEJ,EUR,PAR,13191.0,
Amundi FTSE EPRA NAREIT Global ,EPRA.PA,EPRA,EUR,PAR,3624.0,0.24
AMUNDI FTSE EPRA EUROPE REAL ES,EPRE.PA,EPRE,EUR,PAR,242.0,0.3
Invesco EQQQ Nasdaq-100 UCITS E,EQQQ.PA,EQQQ,EUR,PAR,1794.0,0.3
BNP PARIBAS EASY Quality Europe,EQUA.PA,EQUA,EUR,PAR,87.0,
SPDR MSCI Europe UCITS ETF,ERO.PA,ERO,EUR,PAR,303.0,0.25
Amundi Euro Government Green Bo,ERTH.PA,ERTH,EUR,PAR,21494.0,0.2
BNP Paribas Easy S&P 500 UCITS ,ESD.PA,ESD,USD,PAR,31396.0,
BNP Paribas Easy S&P 500 UCITS ,ESDD.PA,ESDD,USD,PAR,14489.0,
BNP Paribas Easy S&P 500 UCITS ,ESE.PA,ESE,EUR,PAR,137396.0,
BNP Paribas Easy S&P 500 UCITS ,ESEH.PA,ESEH,EUR,PAR,48725.0,
Amundi MSCI Europe ESG Selectio,ESGE.PA,ESGE,EUR,PAR,14062.0,0.2
Amundi MSCI Europe ESG Selectio,ESGH.PA,ESGH,EUR,PAR,1470.0,0.25
Gold Miners Screened UCITS ETF,ESGO.PA,ESGO,EUR,PAR,1277.0,
VanEck Video Gaming and eSports,ESPO.PA,ESPO,EUR,PAR,521.0,0.55
BNP Paribas Easy EURO STOXX 50 ,ETBB.PA,ETBB,EUR,PAR,14398.0,
BNP Paribas Easy EURO STOXX 50 ,ETDD.PA,ETDD,EUR,PAR,40722.0,
VALOUR ETHEREUM ZERO,ETH0E.PA,ETH0E,EUR,PAR,,
21Shares Ethereum Core Staking ,ETHC-EUR.PA,ETHC-EUR,EUR,PAR,,
BNP Paribas Easy Stoxx Europe 6,ETZ.PA,ETZ,EUR,PAR,102795.0,
BNP Paribas Easy Stoxx Europe 6,ETZD.PA,ETZD,EUR,PAR,14807.0,
SPDR Bloomberg Euro Corporate B,EUCO.PA,EUCO,EUR,PAR,473.0,0.2
Amundi S&P Eurozone Dividend Ar,EUDIV.PA,EUDIV,EUR,PAR,600.0,0.3
SPDR S&P Euro Dividend Aristocr,EUDV.PA,EUDV,EUR,PAR,12879.0,0.3
Invesco EURO STOXX High Dividen,EUHD.PA,EUHD,EUR,PAR,1832.0,
Amundi MSCI EUROPE SCREENED UCI,EUSC.PA,EUSC,EUR,PAR,6914.0,
Amundi MSCI Europe SRI Climate ,EUSRI.PA,EUSRI,EUR,PAR,10812.0,0.18
BNP PARIBAS EASY Value Europe [,EVAE.PA,EVAE,EUR,PAR,48.0,
BNP PARIBAS EASY Low Vol Europe,EVOE.PA,EVOE,EUR,PAR,243.0,
Amundi MSCI World Swap UCITS ET,EWLD.PA,EWLD,EUR,PAR,16856.0,0.38
BNP Paribas Easy MSCI World SRI,EWRD.PA,EWRD,USD,PAR,1984.0,
iShares S&P 500 Equal Weight UC,EWSP-EUR.PA,EWSP-EUR,EUR,PAR,,
Franklin FTSE Emerging ex China,EXCN.PA,EXCN,EUR,PAR,56.0,0.16
Franklin MSCI World Catholic Pr,FAITH.PA,FAITH,EUR,PAR,54.0,0.27
FIRST TRUST GLOBAL ALPHADEX UCI,FGBL.PA,FGBL,EUR,PAR,207.0,
Amundi MSCI World Financials UC,FINSW.PA,FINSW,EUR,PAR,61.0,0.3
Franklin FTSE Asia ex China ex ,FLQA.PA,FLQA,EUR,PAR,873.0,0.14
Franklin FTSE Taiwan UCITS ETF,FLXT.PA,FLXT,EUR,PAR,291.0,0.19
Amundi Fixed Maturity 2026 Euro,FM26.PA,FM26,EUR,PAR,1087.0,0.09
Amundi Fixed Maturity 2027 Euro,FM27.PA,FM27,EUR,PAR,2818.0,0.09
Amundi Fixed Maturity 2028 Euro,FM28.PA,FM28,EUR,PAR,5175.0,0.09
Amundi Fixed Maturity 2029 Euro,FM29.PA,FM29,EUR,PAR,2682.0,0.09
Amundi Fixed Maturity 2030 Euro,FM30.PA,FM30,EUR,PAR,7572.0,
Amundi Italy MIB ESG UCITS ETF ,FMI.PA,FMI,EUR,PAR,1093.0,0.18
Franklin Future of Food UCITS E,FOFD.PA,FOFD,EUR,PAR,22.0,0.3
Franklin Future of Health and W,FOHW.PA,FOHW,EUR,PAR,88.0,0.3
Amundi STOXX Europe 600 Consume,FOO.PA,FOO,EUR,PAR,350.0,0.3
FIRST TRUST US IPO INDEX UCITS ,FPXU.PA,FPXU,USD,PAR,613.0,
Franklin MSCI China Paris Align,FRCP.PA,FRCP,EUR,PAR,0.0,0.22
Franklin MSCI Emerging Markets ,FREP.PA,FREP,EUR,PAR,82.0,0.18
Amundi MSCI UK IMI SRI Climate ,FTSE.PA,FTSE,GBP,PAR,137.0,0.18
BNP PARIBAS EASY MSCI Japan UCI,FUJI.PA,FUJI,EUR,PAR,7.0,
21Shares Future of Crypto Index,FUTR-EUR.PA,FUTR-EUR,EUR,PAR,,
Amundi Core Global Aggregate Bo,GAGG.PA,GAGG,EUR,PAR,759.0,0.1
Amundi Core Global Aggregate Bo,GAGH.PA,GAGH,EUR,PAR,322.0,0.1
Amundi Core Global Aggregate Bo,GAHU.PA,GAHU,USD,PAR,318.0,0.1
Amundi Global Aggregate Bond ES,GASR.PA,GASR,EUR,PAR,12.0,0.14
VanEck S&P Global Mining UCITS ,GDIG.PA,GDIG,EUR,PAR,1502.0,0.5
VanEck Gold Miners UCITS ETF,GDX.PA,GDX,EUR,PAR,5644.0,0.53
VanEck Junior Gold Miners UCITS,GDXJ.PA,GDXJ,EUR,PAR,2933.0,0.55
BNP PARIBAS EASY JPM ESG EMU Go,GE110.PA,GE110,EUR,PAR,305.0,
BNP PARIBAS EASY JPM ESG EMU Go,GE710.PA,GE710,EUR,PAR,0.0,
BNP Paribas Easy JPM ESG EMU Go,GEMU.PA,GEMU,EUR,PAR,7806.0,
BNP PARIBAS EASY JPM ESG EMU Go,GEU3C.PA,GEU3C,EUR,PAR,343.0,
BNP PARIBAS EASY JPM ESG EMU Go,GEU3D.PA,GEU3D,EUR,PAR,82.0,
BNPP EASY JPM ESG EMU Governmen,GEU7C.PA,GEU7C,EUR,PAR,0.0,
VanEck Global Fallen Angels Hig,GFA.PA,GFA,EUR,PAR,82.0,0.4
Amundi Core Global Government B,GGOV.PA,GGOV,EUR,PAR,1089.0,0.2
WisdomTree Global Quality Divid,GGRA.PA,GGRA,EUR,PAR,241.0,
WisdomTree Global Quality Divid,GGRI.PA,GGRI,EUR,PAR,0.0,
Amundi UK Government Inflation-,GILI.PA,GILI,EUR,PAR,920.0,0.07
Amundi Core UK Government Bond ,GILS.PA,GILS,EUR,PAR,150.0,0.05
Amundi NYSE Arca Gold,GLDM.PA,GLDM,EUR,PAR,19235.0,0.65
Amundi S&P Global Financials ES,GLFI.PA,GLFI,EUR,PAR,433.0,0.18
Amundi S&P Global Health Care E,GLHL.PA,GLHL,EUR,PAR,1344.0,0.18
Amundi S&P Global Information T,GLIT.PA,GLIT,EUR,PAR,708.0,0.18
Amundi Global Luxury UCITS ETF ,GLUX.PA,GLUX,EUR,PAR,936.0,0.25
Amundi MSCI Robotics & AI UCITS,GOAI.PA,GOAI,EUR,PAR,4706.0,0.4
VanEck Morningstar Global Wide ,GOAT.PA,GOAT,EUR,PAR,871.0,0.52
BNPP EASY JPM ESG EMU Gov 10Y+ ,GOD10.PA,GOD10,EUR,PAR,1362.0,
BNPP EASY JPM ESG EMU Gov 10Y+ ,GOV10.PA,GOV10,EUR,PAR,194.0,
Amundi Core Global Government B,GOVH.PA,GOVH,EUR,PAR,946.0,0.22
SPDR Bloomberg 1-3 Year Euro Go,GOVS.PA,GOVS,EUR,PAR,491.0,0.15
Making Europe Great Again UCITS,GR8.PA,GR8,EUR,PAR,1465.0,
BNP Paribas Easy FTSE EPRA Nare,GRCTB.PA,GRCTB,EUR,PAR,4.0,
Amundi MSCI Greece UCITS ETF Di,GRE.PA,GRE,EUR,PAR,228283.0,0.45
BNP PARIBAS EASY FTSE EPRA Nare,GREAD.PA,GREAD,EUR,PAR,608.0,
BNP PARIBAS EASY FTSE EPRA NARE,GREAL.PA,GREAL,EUR,PAR,7097.0,
BNP Paribas Easy S&P GSCI Energ,GSCU.PA,GSCU,USD,PAR,2325.0,
BNP Paribas Easy JPM ESG Green ,GSSBD.PA,GSSBD,EUR,PAR,186.0,
BNP PARIBAS EASY Bloomberg Euro,GUARD.PA,GUARD,EUR,PAR,74733.0,
Amundi MSCI Europe Growth UCITS,GWT.PA,GWT,EUR,PAR,186.0,0.35
Hashdex Crypto Momentum Factor ,HAMO-EUR.PA,HAMO-EUR,EUR,PAR,,
Hashdex Nasdaq Crypto Index Eur,HASH.PA,HASH,EUR,PAR,104.0,
HSBC MSCI CANADA ETF,HCAN.PA,HCAN,EUR,PAR,1354.0,0.35
HSBC MSCI China A UCITS ETF USD,HCAS.PA,HCAS,EUR,PAR,8301.0,
Invesco S&P 500 High Dividend L,HDLV.PA,HDLV,EUR,PAR,13046.0,
HSBC MSCI Emerging Markets UCIT,HEMA.PA,HEMA,EUR,PAR,4393.0,
HSBC MSCI EUROPE ETF,HEU.PA,HEU,EUR,PAR,5061.0,0.2
HSBC SP 500 ETF,HHH.PA,HHH,EUR,PAR,8087.0,0.09
HSBC MSCI EMERGING MARKETS ISLA,HIES.PA,HIES,EUR,PAR,4416.0,
HSBC MSCI JAPAN ISLAMIC SCREENE,HIJS.PA,HIJS,EUR,PAR,1016.0,
HSBC MSCI EUROPE ISLAMIC SCREEN,HIPS.PA,HIPS,EUR,PAR,1377.0,
HSBC MSCI USA ISLAMIC SCREENED ,HIUS.PA,HIUS,EUR,PAR,308.0,
HSBC MSCI WORLD ISLAMIC SCREENE,HIWS.PA,HIWS,EUR,PAR,417.0,
Amundi STOXX Europe 600 Healthc,HLT.PA,HLT,EUR,PAR,7703.0,0.3
Amundi MSCI World Health Care U,HLTW.PA,HLTW,EUR,PAR,1117.0,0.3
HSBC MSCI Europe UCITS ETF EUR ,HMES.PA,HMES,EUR,PAR,6171.0,
HSBC MSCI Japan UCITS ETF USD (,HMJS.PA,HMJS,EUR,PAR,32.0,
21Shares Crypto Basket Index ET,HODL.PA,HODL,EUR,PAR,946.0,
21Shares Crypto Basket Equal We,HODLV.PA,HODLV,EUR,PAR,352.0,
21Shares Crypto Basket 10 Core ,HODLX.PA,HODLX,EUR,PAR,519.0,
HSBC JAPAN SCREENED EQUITY UCIT,HSJA.PA,HSJA,EUR,PAR,460.0,
BNP Paribas Easy EUR High Yield,HSRID.PA,HSRID,EUR,PAR,647.0,
HSBC HANG SENG TECH UCITS ETF,HSTE.PA,HSTE,EUR,PAR,168107.0,0.5
HSBC UK SCREENED EQUITY UCITS E,HSUK.PA,HSUK,EUR,PAR,330.0,0.12
HSBC MSCI WORLD SMALL CAP SCREE,HWSS.PA,HWSS,EUR,PAR,417.0,
Amundi Euro High Yield Bond ESG,HYBB.PA,HYBB,EUR,PAR,589.0,0.35
Amundi EUR High Yield Corporate,HYCC.PA,HYCC,EUR,PAR,1055.0,0.25
BNP Paribas Easy ECPI Global ES,HYDRO.PA,HYDRO,EUR,PAR,1411.0,
BNP Paribas Easy ECPI Global ES,HYDUS.PA,HYDUS,USD,PAR,56.0,
VanEck Emerging Markets High Yi,HYEM.PA,HYEM,EUR,PAR,51.0,0.4
Invesco US High Yield Fallen An,HYFA.PA,HYFA,EUR,PAR,313.0,
BNP Paribas Easy EUR High Yield,HYSRI.PA,HYSRI,EUR,PAR,2714.0,
iSh AI Innovation Active UCITS ,IART.PA,IART,EUR,PAR,26315.0,
iShares iBonds Dec 2025 Term  C,IB25.PA,IB25,EUR,PAR,7870.0,
iShares iBonds Dec 2027 Term  C,IB27.PA,IB27,EUR,PAR,22960.0,
iShares iBonds Dec 2025 Term Co,IBE5.PA,IBE5,EUR,PAR,485.0,
iShares iBonds Dec 2027 Term Co,IBE7.PA,IBE7,EUR,PAR,1926.0,
iShares iBonds Dec 2025 Term $ ,ID25.PA,ID25,EUR,PAR,31.0,
iShares iBonds Dec 2035 Term  C,IG35.PA,IG35,EUR,PAR,14525.0,
SPDR MSCI All Country World Inv,IMIE.PA,IMIE,EUR,PAR,10530.0,0.4
Amundi STOXX Europe 600 Industr,IND.PA,IND,EUR,PAR,1721.0,0.3
Amundi European Strategic Auton,INDEP.PA,INDEP,EUR,PAR,13271.0,
Amundi MSCI Indonesia UCITS ETF,INDO.PA,INDO,EUR,PAR,952.0,0.45
Amundi S&P World Industrials Sc,INDW.PA,INDW,EUR,PAR,1493.0,0.18
Amundi Euro Inflation Expectati,INFL.PA,INFL,EUR,PAR,132.0,0.25
Amundi US Inflation Expectation,INFU.PA,INFU,EUR,PAR,1109.0,0.25
Amundi MSCI India Swap UCITS ET,INR.PA,INR,EUR,PAR,47276.0,0.85
iShares Global Clean Energy Tra,INRE.PA,INRE,EUR,PAR,5203.0,
Amundi STOXX Europe 600 Insuran,INS.PA,INS,EUR,PAR,3637.0,0.3
INDEXIQ FACTORS SUSTAINABLE COR,IQEC.PA,IQEC,EUR,PAR,11.0,0.35
INDEXIQ FACTORS SUSTAINABLE EUR,IQEE.PA,IQEE,EUR,PAR,207.0,0.3
INDEXIQ FACTORS SUSTAINABLE JAP,IQJP.PA,IQJP,EUR,PAR,499.0,0.35
Amundi Label ISR Credit USD UCI,ISCH.PA,ISCH,EUR,PAR,3324.0,
Amundi Label ISR Actions Japon ,ISJH.PA,ISJH,EUR,PAR,362.0,
Amundi Label ISR Actions Europe,ISRA.PA,ISRA,EUR,PAR,9128.0,
Amundi Label ISR Credit EUR UCI,ISRC.PA,ISRC,EUR,PAR,2798.0,
Amundi Label ISR Credit USD UCI,ISRD.PA,ISRD,EUR,PAR,1709.0,
,ISRG.PA,ISRG,EUR,PAR,656.0,
Amundi Label ISR Actions Japon ,ISRJ.PA,ISRJ,EUR,PAR,604.0,
Amundi Label ISR Actions Monde ,ISRM.PA,ISRM,EUR,PAR,5243.0,
Amundi Label ISR Actions USA UC,ISRU.PA,ISRU,EUR,PAR,940.0,
Amundi Label ISR Actions USA UC,ISUH.PA,ISUH,EUR,PAR,940.0,
HANS-GINS Tech Megatrend Equal ,ITEK.PA,ITEK,EUR,PAR,67.0,0.59
iShares iBonds Dec 2028 Term $ ,IU28-EUR.PA,IU28-EUR,EUR,PAR,,
iShares iBonds Dec 2029 Term $ ,IU29-EUR.PA,IU29-EUR,EUR,PAR,,
iShares MSCI World Swap UCITS E,IWDS-EUR.PA,IWDS-EUR,EUR,PAR,,
iShares iBonds Dec 2028 Term  C,IX28-XPAR.PA,IX28-XPAR,EUR,PAR,,
iShares iBonds Dec 2029 Term  C,IX29-XPAR.PA,IX29-XPAR,EUR,PAR,,
Franklin FTSE Japan UCITS ETF,JAPAN.PA,JAPAN,EUR,PAR,134.0,
BNP Paribas Easy Bloomberg Barc,JBEM.PA,JBEM,EUR,PAR,24061.0,
VanEck Space Innovators UCITS E,JEDI.PA,JEDI,EUR,PAR,3037.0,0.55
SPDR Bloomberg Euro High Yield ,JNKA.PA,JNKA,EUR,PAR,494.0,
SPDR Bloomberg Euro High Yield ,JNKE.PA,JNKE,EUR,PAR,542.0,0.4
AMUNDI JPX-NIKKEI 400 UCITS ETF,JPHC.PA,JPHC,CHF,PAR,37.0,0.18
Amundi MSCI Japan SRI Climate P,JPHD.PA,JPHD,EUR,PAR,1093.0,0.2
AMUNDI JPX-NIKKEI 400 UCITS ETF,JPHE.PA,JPHE,EUR,PAR,170.0,0.18
AMUNDI JPX-NIKKEI 400 UCITS ETF,JPHG.PA,JPHG,GBP,PAR,5.0,0.18
AMUNDI JPX-NIKKEI 400 UCITS ETF,JPHU.PA,JPHU,USD,PAR,20.0,0.18
SPDR MSCI Japan UCITS ETF,JPJY.PA,JPJY,JPY,PAR,2301.0,0.12
Amundi Japan TOPIX II UCITS ETF,JPN.PA,JPN,EUR,PAR,2091.0,0.45
Amundi Japan TOPIX II UCITS ETF,JPNH.PA,JPNH,EUR,PAR,674.0,0.45
AMUNDI JPX-NIKKEI 400 UCITS ETF,JPNK.PA,JPNK,EUR,PAR,197.0,0.18
AMUNDI JPX-NIKKEI 400 UCITS ETF,JPNY.PA,JPNY,JPY,PAR,403.0,0.18
Amundi MSCI Japan SRI Climate P,JPX4.PA,JPX4,EUR,PAR,3713.0,0.18
Amundi MSCI Japan SRI Climate P,JPXH.PA,JPXH,EUR,PAR,3297.0,0.2
Amundi MSCI Korea UCITS ETF Acc,KRW.PA,KRW,EUR,PAR,3167.0,0.45
Amundi Core FTSE 100 Swap UCITS,L100.PA,L100,EUR,PAR,5334.0,0.14
AMUNDI LIFECYCLE 2030 UCITS ETF,LC30.PA,LC30,EUR,PAR,19.0,0.18
AMUNDI LIFECYCLE 2033 UCITS ETF,LC33.PA,LC33,EUR,PAR,239.0,0.18
AMUNDI LIFECYCLE 2036 UCITS ETF,LC36.PA,LC36,EUR,PAR,28.0,0.18
AMUNDI LIFECYCLE 2039 UCITS ETF,LC39.PA,LC39,EUR,PAR,339.0,0.18
Amundi MSCI China UCITS ETF Acc,LCCN.PA,LCCN,EUR,PAR,1241.0,0.29
BNP Paribas Easy Low Carbon 100,LCEUD.PA,LCEUD,EUR,PAR,33.0,
BNP Paribas Easy Low Carbon 300,LCWLD.PA,LCWLD,EUR,PAR,615.0,
Amundi MSCI Emerging Markets Sw,LEM.PA,LEM,EUR,PAR,29745.0,0.55
21Shares Lido DAO ETP,LIDO.PA,LIDO,EUR,PAR,7501.0,
Amundi Nasdaq-100 Daily (2x) Le,LQQ.PA,LQQ,EUR,PAR,4665.0,0.6
Amundi Global Luxury UCITS ETF ,LUXU.PA,LUXU,USD,PAR,148.0,0.25
Amundi CAC 40 Daily (2x) Levera,LVC.PA,LVC,EUR,PAR,175562.0,0.4
Amundi LevDax Daily (2x) levera,LVD.PA,LVD,EUR,PAR,3329.0,0.35
Amundi EURO STOXX 50 Daily (2x),LVE.PA,LVE,EUR,PAR,16518.0,0.4
Amundi MSCI Europe Climate Pari,LWCE.PA,LWCE,EUR,PAR,2750.0,0.15
Amundi MSCI World ESG Broad Tra,LWCR.PA,LWCR,EUR,PAR,609.0,0.2
Amundi MSCI World (2x) Leverage,LWLD.PA,LWLD,EUR,PAR,97541.0,
Amundi Euro Highest Rated Macro,MA13.PA,MA13,EUR,PAR,33.0,0.165
Amundi Euro Highest Rated Macro,MA35.PA,MA35,EUR,PAR,84.0,0.165
Amundi Euro Highest Rated Macro,MAA.PA,MAA,EUR,PAR,568.0,0.165
Amundi S&P World Materials Scre,MATW.PA,MATW,EUR,PAR,5976.0,0.18
AMUNDI MSCI EUROPE MOMENTUM FAC,MCEU.PA,MCEU,EUR,PAR,794.0,0.23
AMUNDI FTSE EPRA EUROPE REAL ES,MEH.PA,MEH,EUR,PAR,1955.0,0.3
Franklin AI Metaverse and Block,METE.PA,METE,EUR,PAR,27.0,0.3
Amundi MSCI Europe UCITS ETF Ac,MEU.PA,MEU,EUR,PAR,2185.0,0.25
Amundi Core Stoxx Europe 600 UC,MEUD.PA,MEUD,EUR,PAR,28231.0,0.07
Ossiam MSCI Europe - UCITS ETF ,MEUR.PA,MEUR,EUR,PAR,318.0,
Amundi Core MSCI EMU UCITS ETF ,MFE.PA,MFE,EUR,PAR,24727.0,0.12
Amundi Core MSCI EMU UCITS ETF ,MFEC.PA,MFEC,EUR,PAR,18269.0,0.12
Amundi MSCI EMU ESG Broad Trans,MFED.PA,MFED,EUR,PAR,1197.0,0.12
Amundi DJ Global Titans 50 UCIT,MGT.PA,MGT,EUR,PAR,4347.0,0.4
Amundi FTSE MIB UCITS ETF Dist,MIB.PA,MIB,EUR,PAR,5370.0,0.35
Amundi MSCI Millennials UCITS E,MILL.PA,MILL,EUR,PAR,105.0,0.45
AMUNDI MSCI USA MINIMUM VOLATIL,MIVU.PA,MIVU,EUR,PAR,460.0,0.18
HSBC MSCI JAPAN ETF,MJP.PA,MJP,EUR,PAR,327.0,0.19
Amundi PEA Luxe Monde UCITS ETF,MLUX.PA,MLUX,EUR,PAR,7632.0,
Amundi MSCI EMU Small Cap ESG B,MMS.PA,MMS,EUR,PAR,711.0,0.4
VanEck Morningstar US ESG Wide ,MOAT.PA,MOAT,EUR,PAR,1436.0,0.49
VanEck Morningstar US Wide Moat,MOTU.PA,MOTU,EUR,PAR,180.0,0.46
Amundi EURO STOXX 50 II UCITS E,MSE.PA,MSE,EUR,PAR,90951.0,0.2
Amundi EURO STOXX 50 II UCITS E,MSES.PA,MSES,EUR,PAR,3786.0,
Amundi Euro Government Bond 1-3,MTA.PA,MTA,EUR,PAR,3336.0,0.15
Amundi Euro Government Bond 3-5,MTB.PA,MTB,EUR,PAR,2736.0,0.15
Amundi Euro Government Bond 5-7,MTC.PA,MTC,EUR,PAR,610.0,0.15
Amundi Euro Government Bond 7-1,MTD.PA,MTD,EUR,PAR,4000.0,0.15
Amundi Euro Government Bond 10-,MTE.PA,MTE,EUR,PAR,2323.0,0.15
Amundi Euro Government Bond 15+,MTF.PA,MTF,EUR,PAR,322.0,0.15
Amundi Euro Government Bond 25+,MTH.PA,MTH,EUR,PAR,2690.0,0.07
Amundi Euro Government Inflatio,MTI.PA,MTI,EUR,PAR,881.0,0.09
iShares MSCI EM ex-China UCITS ,MTPI.PA,MTPI,EUR,PAR,22142.0,0.25
HSBC MSCI USA Quality UCITS ETF,MUS.PA,MUS,EUR,PAR,207.0,0.3
iShares MSCI USA Swap UCITS ETF,MUSA.PA,MUSA,EUR,PAR,9502.0,0.05
BNP Paribas Easy MSCI EMU SRI P,MUSRI.PA,MUSRI,EUR,PAR,3781.0,
Amundi FTSE EPRA NAREIT Global ,MWO.PA,MWO,EUR,PAR,724.0,0.45
Amundi S&P 500 Equal Weight ESG,MWOQ.PA,MWOQ,EUR,PAR,4975.0,0.2
Amundi MSCI World ESG Selection,MWOS.PA,MWOS,EUR,PAR,1085.0,0.2
Amundi Core MSCI World UCITS ET,MWRD.PA,MWRD,EUR,PAR,8124.0,0.12
Future of Defence UCITS ETF - A,NATO.PA,NATO,EUR,PAR,16009.0,
WisdomTree Uranium and Nuclear ,NCLR.PA,NCLR,EUR,PAR,1111.0,
Amundi Nasdaq-100 Swap UCITS ET,NDXH.PA,NDXH,EUR,PAR,1674.0,0.35
21Shares NEAR Protocol Staking ,NEAR-EUR.PA,NEAR-EUR,EUR,PAR,,
Amundi MSCI North America ESG B,NRAM.PA,NRAM,EUR,PAR,1123.0,0.15
Amundi S&P World Energy Screene,NRGW.PA,NRGW,EUR,PAR,6924.0,0.18
Amundi MSCI New Energy UCITS ET,NRJ.PA,NRJ,EUR,PAR,3931.0,0.6
Amundi MSCI New Energy UCITS ET,NRJC.PA,NRJC,EUR,PAR,2226.0,0.6
WisdomTree Global Efficient Cor,NTSG.PA,NTSG,EUR,PAR,878.0,
WisdomTree Eurozone Efficient C,NTSZ-XPAR.PA,NTSZ-XPAR,EUR,PAR,,
VanEck Uranium and Nuclear Tech,NUCL.PA,NUCL,EUR,PAR,9713.0,0.55
ODDO BHF Global Balanced Alloca,OBBA.PA,OBBA,EUR,PAR,181.0,
ODDO BHF Global Equity Active U,OBGE.PA,OBGE,EUR,PAR,953.0,
AMUNDI PEA EURO COURT TERME UCI,OBLI.PA,OBLI,EUR,PAR,52056.0,0.4
ODDO BHF US Equity Active UCITS,OBUS.PA,OBUS,EUR,PAR,9.0,
OFI INVEST EMU EQUITY ACTIVE UC,OFIEU.PA,OFIEU,EUR,PAR,560.0,
OFI INVEST US EQUITY ACTIVE UCI,OFIUS.PA,OFIUS,EUR,PAR,189.0,
VanEck Oil Services UCITS ETF,OIHV.PA,OIHV,EUR,PAR,600.0,0.35
21Shares Ondo ETP,ONDO-EUR.PA,ONDO-EUR,EUR,PAR,,
Ossiam Bloomberg Europe ex Euro,OP4E.PA,OP4E,EUR,PAR,2.0,
Ossiam Bloomberg Japan PAB NR -,OP5E.PA,OP5E,EUR,PAR,40.0,
Ossiam Bloomberg Japan PAB NR -,OP5H.PA,OP5H,EUR,PAR,41.0,
Ossiam Bloomberg Asia Pacific e,OP6E.PA,OP6E,EUR,PAR,220.0,
Ossiam Bloomberg USA PAB NR UCI,OP7E.PA,OP7E,EUR,PAR,16.0,
Ossiam Bloomberg USA PAB NR UCI,OP7H.PA,OP7H,EUR,PAR,0.0,
Ossiam Bloomberg Canada PAB NR ,OP8E.PA,OP8E,EUR,PAR,212.0,
Ossiam Bloomberg World PAB UCIT,OP9E.PA,OP9E,EUR,PAR,1.0,
Amundi PEA S&P 500 Screened UCI,P500H.PA,P500H,EUR,PAR,7163.0,
BNP Paribas Easy MSCI ACWI SRI ,PAACE.PA,PAACE,EUR,PAR,230.0,
BNP Paribas Easy MSCI ACWI SRI ,PAACU.PA,PAACU,USD,PAR,194.0,
Amundi PEA Asie Emergente (MSCI,PAASI.PA,PAASI,EUR,PAR,36014.0,
Amundi S&P 500 Climate Paris Al,PABH.PA,PABH,EUR,PAR,4364.0,0.25
Amundi S&P 500 Climate Paris Al,PABU.PA,PABU,EUR,PAR,3841.0,0.07
Amundi MSCI World Climate Paris,PABW.PA,PABW,EUR,PAR,9384.0,0.2
Amundi MSCI EMU Climate Paris A,PABZ.PA,PABZ,EUR,PAR,1086.0,0.15
Amundi PEA Emergent (MSCI Emerg,PAEEM.PA,PAEEM,EUR,PAR,44200.0,
Amundi PEA Asie Pacifique (MSCI,PAEJ.PA,PAEJ,EUR,PAR,9746.0,0.6
Amundi PEA Amerique Latine (MSC,PALAT.PA,PALAT,EUR,PAR,18275.0,
Amundi PEA US Tech Screened UCI,PANX.PA,PANX,EUR,PAR,15584.0,
Amundi PEA Chine (MSCI China) S,PASI.PA,PASI,EUR,PAR,41763.0,0.65
Amundi PEA MSCI Europe UCITS ET,PCEU.PA,PCEU,EUR,PAR,15696.0,
Amundi PEA S&P US Industrials S,PDJE.PA,PDJE,EUR,PAR,3191.0,0.5
Amundi PEA S&P 500 Screened UCI,PE500.PA,PE500,EUR,PAR,16004.0,
Invesco FTSE RAFI Europe UCITS ,PEF.PA,PEF,EUR,PAR,1311.0,
Invesco FTSE RAFI Emerging Mark,PEH.PA,PEH,EUR,PAR,623.0,
Amundi PEA Emergent (MSCI Emerg,PEMS.PA,PEMS,EUR,PAR,5569.0,
Invesco EuroMTS Cash 3 Months U,PEU.PA,PEU,EUR,PAR,452.0,
Invesco FTSE RAFI US 1000 UCITS,PFT.PA,PFT,EUR,PAR,685.0,0.39
Amundi PEA Inde (MSCI India) UC,PINR.PA,PINR,EUR,PAR,23323.0,0.85
Amundi Corporate Proceeds Bond ,PLAN.PA,PLAN,EUR,PAR,353.0,
Amundi PEA Emergent EMEA (MSCI ,PLEM.PA,PLEM,EUR,PAR,7940.0,0.55
Amundi PEA Immobilier Europe (F,PMEH.PA,PMEH,EUR,PAR,5497.0,0.4
Amundi PEA Nasdaq-100 UCITS ETF,PNAS.PA,PNAS,EUR,PAR,10172.0,0.3
21Shares Polygon ETP,POLY.PA,POLY,EUR,PAR,,
Invesco S&P 500 QVM UCITS ETF,PQVM.PA,PQVM,EUR,PAR,356.0,0.35
Amundi Core EUR Corporate Bond ,PRAC.PA,PRAC,EUR,PAR,9455.0,0.07
Amundi Prime Japan UCITS ETF DR,PRAJ.PA,PRAJ,EUR,PAR,677.0,0.05
Amundi PEA S&P 500 UCITS ETF Ac,PSP5.PA,PSP5,EUR,PAR,49485.0,0.12
Amundi PEA S&P 500 UCITS ETF EU,PSPH.PA,PSPH,EUR,PAR,23327.0,0.12
Amundi PEA S&P 500 Screened UCI,PSPS.PA,PSPS,EUR,PAR,1613.0,
Invesco FTSE RAFI All World 300,PSRW.PA,PSRW,EUR,PAR,780.0,
Amundi PEA Japon (TOPIX) UCITS ,PTPXE.PA,PTPXE,EUR,PAR,11037.0,
Amundi PEA Japon (TOPIX) UCITS ,PTPXH.PA,PTPXH,EUR,PAR,2872.0,
Amundi PEA Nasdaq-100 UCITS ETF,PUST.PA,PUST,EUR,PAR,41657.0,0.3
21Shares Pyth Network ETP,PYTH-EUR.PA,PYTH-EUR,EUR,PAR,,
AMUNDI MSCI EUROPE QUALITY FACT,QCEU.PA,QCEU,EUR,PAR,421.0,0.23
BNP Paribas Easy Alpha Enhanced,QEIG.PA,QEIG,EUR,PAR,281.0,
BNP PARIBAS EASY Alpha Enhanced,QEUR.PA,QEUR,EUR,PAR,0.0,
BNP PARIBAS EASY ALPHA ENHANCED,QGLOE.PA,QGLOE,EUR,PAR,227.0,
iSh Nasd 100 ex-Top 30 UCITS ET,QNXT-EUR.PA,QNXT-EUR,EUR,PAR,,
iSh Nasdaq 100 Top 30 UCITS ETF,QTOP-EUR.PA,QTOP-EUR,EUR,PAR,,
BNP Paribas Easy Quality Europe,QUED.PA,QUED,EUR,PAR,28.0,
BNP PARIBAS EASY ALPHA ENHANCED,QUSAE.PA,QUSAE,EUR,PAR,31.0,
SPDR Russell 2000 U.S. Small Ca,R2US.PA,R2US,EUR,PAR,2654.0,0.3
VanEck Rare Earth and Strategic,REMX.PA,REMX,EUR,PAR,27883.0,0.59
BNP Paribas Easy ECPI Circular ,REUSD.PA,REUSD,USD,PAR,3.0,
BNP PARIBAS EASY ECPI CIRCULAR ,REUSE.PA,REUSE,EUR,PAR,8357.0,
Amundi MSCI Brazil UCITS ETF Ac,RIO.PA,RIO,EUR,PAR,26099.0,0.65
21Shares Render ETP,RNDR-EUR.PA,RNDR-EUR,EUR,PAR,,
AMUNDI RUSSELL 2000 UCITS ETF -,RS2K.PA,RS2K,EUR,PAR,3148.0,0.35
AMUNDI RUSSELL 2000 UCITS ETF -,RS2U.PA,RS2U,USD,PAR,242.0,0.35
Amundi S&P 500 Screened UCITS E,S500.PA,S500,EUR,PAR,3491.0,0.12
Amundi S&P 500 Screened UCITS E,S500H.PA,S500H,EUR,PAR,7165.0,0.28
OSSIAM STOXX(R) EUROPE 600 EQUA,S6EW.PA,S6EW,EUR,PAR,317.0,0.35
Amundi MSCI USA ESG Selection U,SADU.PA,SADU,USD,PAR,2032.0,0.15
Franklin FTSE Saudi Arabia UCIT,SAUDI.PA,SAUDI,EUR,PAR,270.0,
Tracker Securities on Bitcoin (,SBTCU-EUR.PA,SBTCU-EUR,EUR,PAR,,
Amundi MSCI Smart Cities UCITS ,SCITY-EUR.PA,SCITY-EUR,EUR,PAR,,
Tracker Securities on Polkadot ,SDOT.PA,SDOT,EUR,PAR,0.0,
Amundi Stoxx Europe Select Divi,SEL.PA,SEL,EUR,PAR,26777.0,0.3
iShares MSCI Global Semiconduct,SEME.PA,SEME,EUR,PAR,17426.0,0.35
Tracker Securities on Ethereum ,SETH-EUR.PA,SETH-EUR,EUR,PAR,,
Amundi Global Equity Quality In,SGQI.PA,SGQI,EUR,PAR,355.0,0.45
Amundi CAC 40 Daily (-1x) Inver,SHC.PA,SHC,EUR,PAR,179368.0,0.4
OSSIAM SHILLER BARCLAYS CAPE US,SHTE.PA,SHTE,EUR,PAR,0.0,
SPDR MSCI Europe Small Cap UCIT,SMC.PA,SMC,EUR,PAR,1066.0,0.3
VanEck Semiconductor UCITS ETF,SMH.PA,SMH,EUR,PAR,1754.0,0.35
VanEck Morningstar US SMID Moat,SMOT.PA,SMOT,EUR,PAR,22.0,0.49
VALOUR SOLANA,SOLVE-XPAR.PA,SOLVE-XPAR,EUR,PAR,,
iShares S&P 500 Top 20 UCITS ET,SP20-EUR.PA,SP20-EUR,EUR,PAR,,
Amundi Core S&P 500 Swap UCITS ,SP5.PA,SP5,EUR,PAR,28817.0,0.05
Amundi Core S&P 500 Swap UCITS ,SP5C.PA,SP5C,EUR,PAR,7623.0,0.05
Amundi Core S&P 500 Swap UCITS ,SP5H.PA,SP5H,EUR,PAR,7770.0,0.07
iShares S&P 500 Swap PEA UCITS ,SPEA.PA,SPEA,EUR,PAR,24347.0,
BNP Paribas Easy S&P 500 Scored,SPEEU.PA,SPEEU,EUR,PAR,13214.0,
BNP PARIBAS EASY S&P 500 SCORED,SPEUH.PA,SPEUH,EUR,PAR,4919.0,
BNP Paribas Easy S&P 500 Scored,SPEUS.PA,SPEUS,USD,PAR,9837.0,
Amundi Core S&P 500 Swap UCITS ,SPHC.PA,SPHC,EUR,PAR,783.0,0.07
BNP Paribas EASY S&P 500 II,SPTRE.PA,SPTRE,EUR,PAR,1083.0,
BNP Paribas EASY S&P 500 II,SPTRH.PA,SPTRH,EUR,PAR,214.0,
SPDR S&P 400 US Mid Cap UCITS E,SPY4.PA,SPY4,EUR,PAR,6225.0,0.3
SPDR S&P 500 UCITS ETF,SPY5.PA,SPY5,EUR,PAR,596.0,0.09
BNP Paribas Easy EUR Corp Bond ,SRI3C.PA,SRI3C,EUR,PAR,282.0,
BNP Paribas Easy EUR Corp Bond ,SRIC.PA,SRIC,EUR,PAR,14539.0,
BNP Paribas Easy EUR Corp Bond ,SRIC3.PA,SRIC3,EUR,PAR,12978.0,
BNP Paribas Easy EUR Corp Bond ,SRIC5.PA,SRIC5,EUR,PAR,4461.0,
BNP Paribas Easy EUR Corp Bond ,SRIC6.PA,SRIC6,EUR,PAR,1281.0,
BNP Paribas Easy EUR Corp Bond ,SRIC7.PA,SRIC7,EUR,PAR,752.0,
BNP Paribas Easy EUR Corp Bond ,SRICD.PA,SRICD,EUR,PAR,480.0,
BNP Paribas Easy EUR Corp Bond ,SRID7.PA,SRID7,EUR,PAR,430.0,
BNP Paribas Easy MSCI Europe SR,SRIE.PA,SRIE,EUR,PAR,1407.0,
BNP Paribas Easy MSCI Europe SR,SRIEC.PA,SRIEC,EUR,PAR,4585.0,
BNP Paribas Easy MSCI Japan SRI,SRIJ.PA,SRIJ,EUR,PAR,1918.0,
BNP Paribas Easy MSCI Japan SRI,SRIJC.PA,SRIJC,EUR,PAR,805.0,
BNP Paribas Easy EUR Corp Bond ,SRIUC.PA,SRIUC,EUR,PAR,498.0,
BNP Paribas Easy EUR Corp Bond ,SRIUD.PA,SRIUD,EUR,PAR,32.0,
SPDR MSCI Europe Technology UCI,STK.PA,STK,EUR,PAR,2012.0,0.18
SPDR MSCI Europe Energy UCITS E,STN.PA,STN,EUR,PAR,3113.0,0.18
SPDR MSCI Europe Materials UCIT,STP.PA,STP,EUR,PAR,249.0,0.18
Amundi US Curve steepening 2-10,STPU.PA,STPU,EUR,PAR,82.0,0.3
SPDR MSCI Europe Industrials UC,STQ.PA,STQ,EUR,PAR,4757.0,0.18
SPDR MSCI Europe Consumer Discr,STR.PA,STR,EUR,PAR,457.0,0.18
SPDR MSCI Europe Consumer Stapl,STS.PA,STS,EUR,PAR,411.0,0.18
SPDR MSCI Europe Communication ,STT.PA,STT,EUR,PAR,981.0,0.18
SPDR MSCI Europe Utilities UCIT,STU.PA,STU,EUR,PAR,911.0,0.18
SPDR MSCI Europe Health Care UC,STW.PA,STW,EUR,PAR,3060.0,0.18
SPDR MSCI Europe Financials UCI,STZ.PA,STZ,EUR,PAR,4158.0,0.18
VanEck Morningstar Developed Ma,TDIV-XPAR.PA,TDIV-XPAR,EUR,PAR,,
Amundi STOXX Europe 600 Telecom,TELE.PA,TELE,EUR,PAR,5578.0,0.3
Amundi S&P World Communication ,TELW.PA,TELW,EUR,PAR,7188.0,0.18
iShares iBonds Dec 2025 Term $ ,TI25.PA,TI25,EUR,PAR,564.0,
Bitwise Celestia Staking ETP,TIAB.PA,TIAB,EUR,PAR,,
Amundi STOXX Europe 600 Technol,TNO.PA,TNO,EUR,PAR,5901.0,0.3
Amundi MSCI World Information T,TNOW.PA,TNOW,EUR,PAR,944.0,0.3
21Shares Toncoin Staking ETP,TONN-EUR.PA,TONN-EUR,EUR,PAR,,
AMUNDI JAPAN TOPIX UCITS ETF - ,TPHC.PA,TPHC,CHF,PAR,122.0,0.48
AMUNDI JAPAN TOPIX UCITS ETF - ,TPHG.PA,TPHG,GBP,PAR,100.0,0.48
AMUNDI JAPAN TOPIX UCITS ETF - ,TPHU.PA,TPHU,USD,PAR,197.0,0.48
AMUNDI JAPAN TOPIX UCITS ETF - ,TPXE.PA,TPXE,EUR,PAR,3087.0,0.2
AMUNDI JAPAN TOPIX UCITS ETF - ,TPXH.PA,TPXH,EUR,PAR,443.0,0.48
AMUNDI JAPAN TOPIX UCITS ETF - ,TPXY.PA,TPXY,JPY,PAR,1661.0,0.2
Amundi STOXX Europe 600 Consume,TRV.PA,TRV,EUR,PAR,2587.0,0.3
US Global Investors Travel UCIT,TRYP.PA,TRYP,EUR,PAR,491.0,0.69
Amundi MSCI Turkey UCITS ETF Ac,TUR.PA,TUR,EUR,PAR,2622.0,0.45
Amundi US Treasury Bond Long Da,U10HK.PA,U10HK,HKD,PAR,66.0,0.1
Amundi US Treasury Bond 1-3Y UC,U13HK.PA,U13HK,HKD,PAR,0.0,0.1
Amundi US Treasury Bond 7-10Y U,U710H.PA,U710H,HKD,PAR,2.0,0.06
SSTX      PI OPENV,UB93V.PA,UB93V,EUR,PAR,,
Amundi Global Corporate Bond 1-,UBBB.PA,UBBB,USD,PAR,930.0,0.2
Amundi USD Corporate Bond ESG -,UCRP.PA,UCRP,USD,PAR,1246.0,0.14
BNP PARIBAS EASY MSCI Europe UC,UEFA.PA,UEFA,EUR,PAR,100.0,
HSBC FTSE 100 ETF,UKX.PA,UKX,EUR,PAR,788.0,0.07
Amundi MSCI Disruptive Technolo,UNIC.PA,UNIC,EUR,PAR,1685.0,0.45
Amundi US Treasury Bond Long Da,US10.PA,US10,USD,PAR,464.0,0.06
Franklin US Mega Cap 100 UCITS ,US100.PA,US100,EUR,PAR,1488.0,
Amundi US Treasury Bond 1-3Y UC,US13.PA,US13,EUR,PAR,231.0,0.06
Amundi US Treasury Bond 3-7Y UC,US37.PA,US37,EUR,PAR,122.0,0.06
BTUSD     PI OPENV,US88V.PA,US88V,EUR,PAR,,
XTUSD     PI OPENV,US89V.PA,US89V,EUR,PAR,,
Amundi MSCI USA ESG Broad Trans,USA.PA,USA,EUR,PAR,543.0,0.07
Amundi MSCI USA ESG Broad Trans,USAC.PA,USAC,EUR,PAR,1179.0,0.07
Amundi MSCI USA ESG Leaders UCI,USAL.PA,USAL,EUR,PAR,3105.0,0.17
AMUNDI MSCI USA SCREENED UCITS ,USAS.PA,USAS,EUR,PAR,33457.0,
BNP Paribas Easy USD Corp Bond ,USCBC.PA,USCBC,USD,PAR,1254.0,
BNP Paribas Easy USD Corp Bond ,USCBD.PA,USCBD,USD,PAR,646.0,
BNP Paribas Easy USD Corp Bond ,USCBH.PA,USCBH,EUR,PAR,758.0,
Franklin US Dividend Tilt UCITS,USDIV.PA,USDIV,EUR,PAR,32.0,
VanEck US Fallen Angel High Yie,USFA.PA,USFA,EUR,PAR,71.0,0.35
AMUNDI USD HIGH YIELD CORPORATE,USHY.PA,USHY,EUR,PAR,405.0,0.25
Amundi USD Corporate Bond Clima,USIH.PA,USIH,EUR,PAR,626.0,0.2
Amundi MSCI USA SRI Climate Par,USRI-EUR.PA,USRI-EUR,EUR,PAR,,
BNP Paribas Easy MSCI USA SMALL,USSM.PA,USSM,EUR,PAR,373.0,
Amundi Core Nasdaq-100 Swap UCI,UST.PA,UST,EUR,PAR,25391.0,0.22
Amundi PEA MSCI USA Value Advan,USVE.PA,USVE,EUR,PAR,636.0,
Amundi STOXX Europe 600 Utiliti,UTI.PA,UTI,EUR,PAR,2314.0,0.3
Amundi MSCI EMU Value Factor,VAL.PA,VAL,EUR,PAR,2324.0,0.4
BNP Paribas Easy Value Europe,VALD.PA,VALD,EUR,PAR,54.0,
VanEck Bitcoin ETN,VBTC.PA,VBTC,EUR,PAR,3253.0,
VanEck Polkadot ETN,VDOT.PA,VDOT,EUR,PAR,1536.0,
VanEck Ethereum ETN,VETH.PA,VETH,EUR,PAR,2617.0,
BNP Paribas Easy Low Vol Europe,VLED.PA,VLED,EUR,PAR,18.0,
WisdomTree Battery Solutions UC,VOLT.PA,VOLT,EUR,PAR,180.0,
VanEck Pyth ETN,VPYT.PA,VPYT,USD,PAR,4248.0,
Virtune Staked Solana ETP,VRTS-XPAR.PA,VRTS-XPAR,EUR,PAR,,
VanEck Solana ETN,VSOL.PA,VSOL,EUR,PAR,4572.0,
VanEck Sui ETN,VSUI-USD.PA,VSUI-USD,USD,PAR,,
VanEck Celestia ETN,VTIA.PA,VTIA,USD,PAR,,
VanEck TRON ETN,VTRX.PA,VTRX,EUR,PAR,0.0,
Amundi MSCI Water UCITS ETF Dis,WAT.PA,WAT,EUR,PAR,7174.0,0.6
Amundi MSCI Water UCITS ETF Acc,WATC.PA,WATC,EUR,PAR,5288.0,0.6
WisdomTree Physical Bitcoin,WBTC.PA,WBTC,EUR,PAR,0.0,
WisdomTree Cybersecurity UCITS ,WCBR.PA,WCBR,EUR,PAR,1545.0,
WisdomTree Cloud Computing UCIT,WCLD.PA,WCLD,EUR,PAR,189.0,
WisdomTree Europe Defence UCITS,WDEF.PA,WDEF,EUR,PAR,4990.0,
ETC Group Web 3.0 UCITS ETF,WEB3.PA,WEB3,EUR,PAR,353.0,
Harbor Health Care UCITS ETF,WELL.PA,WELL,EUR,PAR,186.0,0.59
BNP Paribas Easy MSCI World Min,WEMT2.PA,WEMT2,EUR,PAR,28639.0,
BNP Paribas Easy MSCI World Min,WEMTE.PA,WEMTE,USD,PAR,3939.0,
BNP Paribas Easy MSCI World ESG,WEMTH.PA,WEMTH,EUR,PAR,1624.0,
Amundi MSCI World SRI Climate P,WESE.PA,WESE,EUR,PAR,97.0,0.2
BNP Paribas Easy MSCI World UCI,WETFE.PA,WETFE,EUR,PAR,2800.0,
BNP Paribas Easy MSCI World Equ,WEWEU.PA,WEWEU,EUR,PAR,133.0,
Amundi MSCI World Swap II UCITS,WLD.PA,WLD,EUR,PAR,8446.0,0.3
Amundi MSCI World Swap II UCITS,WLDH.PA,WLDH,EUR,PAR,1784.0,0.3
AMUNDI MSCI WORLD SCREENED UCIT,WLSC.PA,WLSC,EUR,PAR,56273.0,
Franklin FTSE Developed World U,WORLD.PA,WORLD,EUR,PAR,342.0,
iShares MSCI World Swap PEA UCI,WPEA.PA,WPEA,EUR,PAR,684088.0,
iShares MSCI World Swap PEA UCI,WPEH.PA,WPEH,EUR,PAR,6449.0,
WisdomTree Quantum Computing UC,WQTM.PA,WQTM,EUR,PAR,1870.0,
HSBC MSCI WORLD,WRD.PA,WRD,EUR,PAR,6388.0,0.15
Amundi MSCI World SRI Climate P,WSRI-EUR.PA,WSRI-EUR,EUR,PAR,,
WisdomTree Artificial Intellige,WTAI.PA,WTAI,EUR,PAR,261.0,
Amundi Euro Lowest Rated IG Gov,X13G.PA,X13G,EUR,PAR,42.0,0.14
Amundi Euro Lowest Rated IG Gov,X1G.PA,X1G,EUR,PAR,308.0,0.14
Amundi Euro Lowest Rated IG Gov,X1GD.PA,X1GD,EUR,PAR,93.0,0.14
DDA Physical Bitcoin ETP,XBTI.PA,XBTI,EUR,PAR,77.0,
21Shares XDC Network ETP,XDCN.PA,XDCN,EUR,PAR,244.0,
CARBO     PI OPENV,XQ48V.PA,XQ48V,EUR,PAR,,
AMUNDI EUR HIGH YIELD CORPORATE,YIEL.PA,YIEL,EUR,PAR,678.0,0.25
Bitwise Physical Ethereum ETP,ZETH.PA,ZETH,EUR,PAR,1156.0,
VanEck Gold Miners ETF,GDX,GDX,USD,PCX,26360203.0,0.51
"Gold.com, Inc.",GOLD,GOLD,USD,NYQ,464395.0,
