Nom_Entreprise,Ticker,Ticker_Yahoo_Finance,Secteur_Activite,Pays,Place_Boursiere,Capitalisation_Boursiere
Apple Inc.,AAPL,AAPL,Technology,United States,NMS,3149833961472.0
NVIDIA Corporation,NVDA,NVDA,Technology,United States,NMS,2820151967744.0
Microsoft Corporation,MSFT,MSFT,Technology,United States,NMS,2815768395776.0
"Amazon.com, Inc.",AMZN,AMZN,Consumer Cyclical,United States,NMS,2054787956736.0
Alphabet Inc.,GOOGL,GOOGL,Communication Services,United States,NMS,1994867867648.0
Alphabet Inc.,GOOG,GOOG,Communication Services,United States,NMS,1994880319488.0
"Meta Platforms, Inc.",META,META,Communication Services,United States,NMS,1496480874496.0
Broadcom Inc.,AVGO,AVGO,Technology,United States,NMS,899765174272.0
"Tesla, Inc.",TSLA,TSLA,Consumer Cyclical,United States,NMS,774151995392.0
Costco Wholesale Corporation,COST,COST,Consumer Defensive,United States,NMS,395152949248.0
"Netflix, Inc.",NFLX,NFLX,Communication Services,United States,NMS,380776448000.0
"T-Mobile US, Inc.",TMUS,TMUS,Communication Services,United States,NMS,295824850944.0
ASML Holding N.V. - New York Re,ASML,ASML,Technology,Netherlands,NMS,276986527744.0
Astrazeneca PLC,AZN,AZN,Healthcare,United Kingdom,NMS,237206257664.0
"Cisco Systems, Inc.",CSCO,CSCO,Technology,United States,NMS,237384548352.0
Linde plc,LIN,LIN,Basic Materials,United Kingdom,NMS,214352101376.0
"Pepsico, Inc.",PEP,PEP,Consumer Defensive,United States,NMS,203448303616.0
Palantir Technologies Inc.,PLTR,PLTR,Technology,United States,NMS,186737557504.0
"Intuitive Surgical, Inc.",ISRG,ISRG,Healthcare,United States,NMS,170046914560.0
QUALCOMM Incorporated,QCOM,QCOM,Technology,United States,NMS,168045641728.0
Amgen Inc.,AMGN,AMGN,Healthcare,United States,NMS,167951777792.0
PDD Holdings Inc.,PDD,PDD,Consumer Cyclical,Ireland,NMS,164930338816.0
Adobe Inc.,ADBE,ADBE,Technology,United States,NMS,164321476608.0
Intuit Inc.,INTU,INTU,Technology,United States,NMS,162514976768.0
"Advanced Micro Devices, Inc.",AMD,AMD,Technology,United States,NMS,158985289728.0
Texas Instruments Incorporated,TXN,TXN,Technology,United States,NMS,157961781248.0
"Gilead Sciences, Inc.",GILD,GILD,Healthcare,United States,NMS,141160415232.0
Booking Holdings Inc. Common St,BKNG,BKNG,Consumer Cyclical,United States,NMS,140954402816.0
Honeywell International Inc.,HON,HON,Industrials,United States,NMS,134331752448.0
Comcast Corporation,CMCSA,CMCSA,Communication Services,United States,NMS,131201392640.0
Vertex Pharmaceuticals Incorpor,VRTX,VRTX,Healthcare,United States,NMS,129144832000.0
"Applied Materials, Inc.",AMAT,AMAT,Technology,United States,NMS,121825525760.0
"Automatic Data Processing, Inc.",ADP,ADP,Technology,United States,NMS,118216368128.0
Arm Holdings plc,ARM,ARM,Technology,United Kingdom,NMS,118100705280.0
"Palo Alto Networks, Inc.",PANW,PANW,Technology,United States,NMS,116741472256.0
Starbucks Corporation,SBUX,SBUX,Consumer Cyclical,United States,NMS,109094715392.0
"Micron Technology, Inc.",MU,MU,Technology,United States,NMS,105712443392.0
Intel Corporation,INTC,INTC,Technology,United States,NMS,102621003776.0
"Analog Devices, Inc.",ADI,ADI,Technology,United States,NMS,101079908352.0
"MercadoLibre, Inc.",MELI,MELI,Consumer Cyclical,Uruguay,NMS,100872617984.0
Lam Research Corporation,LRCX,LRCX,Technology,United States,NMS,96608256000.0
Applovin Corporation,APP,APP,Technology,United States,NMS,92468576256.0
KLA Corporation,KLAC,KLAC,Technology,United States,NMS,90562494464.0
"Mondelez International, Inc.",MDLZ,MDLZ,Consumer Defensive,United States,NMS,83678453760.0
"CrowdStrike Holdings, Inc.",CRWD,CRWD,Technology,United States,NMS,82425208832.0
Cintas Corporation,CTAS,CTAS,Industrials,United States,NMS,76907413504.0
"Airbnb, Inc.",ABNB,ABNB,Consumer Cyclical,United States,NMS,74175569920.0
"DoorDash, Inc.",DASH,DASH,Communication Services,United States,NMS,74898915328.0
"Regeneron Pharmaceuticals, Inc.",REGN,REGN,Healthcare,United States,NMS,74407690240.0
"O'Reilly Automotive, Inc.",ORLY,ORLY,Consumer Cyclical,United States,NMS,73852182528.0
"Fortinet, Inc.",FTNT,FTNT,Technology,United States,NMS,71837548544.0
MicroStrategy Incorporated,MSTR,MSTR,Technology,United States,NMS,68557910016.0
"Synopsys, Inc.",SNPS,SNPS,Technology,United States,NMS,66267037696.0
"Cadence Design Systems, Inc.",CDNS,CDNS,Technology,United States,NMS,66213527552.0
"PayPal Holdings, Inc.",PYPL,PYPL,Financial Services,United States,NMS,66190184448.0
Constellation Energy Corporatio,CEG,CEG,Utilities,United States,NMS,65657200640.0
Marriott International,MAR,MAR,Consumer Cyclical,United States,NMS,65419665408.0
"Workday, Inc.",WDAY,WDAY,Technology,United States,NMS,63100518400.0
"Roper Technologies, Inc.",ROP,ROP,Technology,United States,NMS,60444868608.0
"Marvell Technology, Inc.",MRVL,MRVL,Technology,United States,NMS,59550564352.0
American Electric Power Company,AEP,AEP,Utilities,United States,NMS,55632052224.0
CSX Corporation,CSX,CSX,Industrials,United States,NMS,55190278144.0
"Charter Communications, Inc.",CHTR,CHTR,Communication Services,United States,NMS,49028837376.0
Atlassian Corporation,TEAM,TEAM,Technology,Australia,NMS,54496002048.0
Monster Beverage Corporation,MNST,MNST,Consumer Defensive,United States,NMS,52881457152.0
"Autodesk, Inc.",ADSK,ADSK,Technology,United States,NMS,52596088832.0
"Paychex, Inc.",PAYX,PAYX,Technology,United States,NMS,51690643456.0
PACCAR Inc.,PCAR,PCAR,Industrials,United States,NMS,51651112960.0
NXP Semiconductors N.V.,NXPI,NXPI,Technology,Netherlands,NMS,50982694912.0
"Copart, Inc.",CPRT,CPRT,Industrials,United States,NMS,50526662656.0
Keurig Dr Pepper Inc.,KDP,KDP,Consumer Defensive,United States,NMS,44921991168.0
Exelon Corporation,EXC,EXC,Utilities,United States,NMS,43696914432.0
Fastenal Company,FAST,FAST,Industrials,United States,NMS,42257604608.0
"Diamondback Energy, Inc.",FANG,FANG,Energy,United States,NMS,42200498176.0
Baker Hughes Company,BKR,BKR,Energy,United States,NMS,41327276032.0
"Axon Enterprise, Inc.",AXON,AXON,Industrials,United States,NMS,40959750144.0
"Ross Stores, Inc.",ROST,ROST,Consumer Cyclical,United States,NMS,40680247296.0
"Verisk Analytics, Inc.",VRSK,VRSK,Industrials,United States,NMS,40609902592.0
Xcel Energy Inc.,XEL,XEL,Utilities,United States,NMS,39451684864.0
lululemon athletica inc.,LULU,LULU,Consumer Cyclical,Canada,NMS,37714067456.0
Cognizant Technology Solutions ,CTSH,CTSH,Technology,United States,NMS,38748217344.0
Coca-Cola Europacific Partners ,CCEP,CCEP,Consumer Defensive,United Kingdom,NMS,37997809664.0
GE HealthCare Technologies Inc.,GEHC,GEHC,Healthcare,United States,NMS,37246918656.0
The Kraft Heinz Company,KHC,KHC,Consumer Defensive,United States,NMS,36076748800.0
"Take-Two Interactive Software, ",TTWO,TTWO,Communication Services,United States,NMS,35939880960.0
Electronic Arts Inc.,EA,EA,Communication Services,United States,NMS,35892310016.0
"Old Dominion Freight Line, Inc.",ODFL,ODFL,Industrials,United States,NMS,34640580608.0
"Datadog, Inc.",DDOG,DDOG,Technology,United States,NMS,33823950848.0
"IDEXX Laboratories, Inc.",IDXX,IDXX,Healthcare,United States,NMS,33042835456.0
"CoStar Group, Inc.",CSGP,CSGP,Real Estate,United States,NMS,31817801728.0
"Zscaler, Inc.",ZS,ZS,Technology,United States,NMS,29332764672.0
Microchip Technology Incorporat,MCHP,MCHP,Technology,United States,NMS,27907428352.0
"ANSYS, Inc.",ANSS,ANSS,Technology,United States,NMS,27834705920.0
"DexCom, Inc.",DXCM,DXCM,Healthcare,United States,NMS,26760067072.0
"The Trade Desk, Inc.",TTD,TTD,Technology,United States,NGM,26729275392.0
"Warner Bros. Discovery, Inc. - ",WBD,WBD,Communication Services,United States,NMS,24277575680.0
CDW Corporation,CDW,CDW,Technology,United States,NMS,21662441472.0
Biogen Inc.,BIIB,BIIB,Healthcare,United States,NMS,20489572352.0
GlobalFoundries Inc.,GFS,GFS,Technology,United States,NMS,20188485632.0
ON Semiconductor Corporation,ON,ON,Technology,United States,NMS,17762895872.0
Coloplast B A/S,COLO-B,COLO-B.CO,Healthcare,Denmark,CPH,163841818624.0
GN Store Nord A/S,GN,GN.CO,Healthcare,Denmark,CPH,17211455488.0
Vestas Wind Systems A/S,VWS,VWS.CO,Industrials,Denmark,CPH,104824971264.0
Novo Nordisk B A/S,NOVO-B,NOVO-B.CO,Healthcare,Denmark,CPH,2317627949056.0
Ambu A/S,AMBU-B,AMBU-B.CO,Healthcare,Denmark,CPH,32033396736.0
Pandora A/S,PNDORA,PNDORA.CO,Consumer Cyclical,Denmark,CPH,86879576064.0
DSV A/S,DSV,DSV.CO,Industrials,Denmark,CPH,329862774784.0
Demant A/S,DEMANT,DEMANT.CO,Healthcare,Denmark,CPH,53423910912.0
Tryg A/S,TRYG,TRYG.CO,Financial Services,Denmark,CPH,97364271104.0
Novonesis (Novozymes A/S) B,NSIS-B,NSIS-B.CO,Basic Materials,Denmark,CPH,191779028992.0
Royal UNIBREW A/S,RBREW,RBREW.CO,Consumer Defensive,Denmark,CPH,27372810240.0
Bavarian Nordic A/S,BAVA,BAVA.CO,Healthcare,Denmark,CPH,12869823488.0
Jyske Bank A/S,JYSK,JYSK.CO,Financial Services,Denmark,CPH,35962933248.0
Danske Bank A/S,DANSKE,DANSKE.CO,Financial Services,Denmark,CPH,198889979904.0
Nordea Bank Abp,NDA-DK,NDA-DK.CO,Financial Services,Finland,CPH,340273856512.0
ORSTED A/S,ORSTED,ORSTED.CO,Utilities,Denmark,CPH,133550678016.0
ISS A/S,ISS,ISS.CO,Industrials,Denmark,CPH,28849461248.0
Sydbank A/S,SYDB,SYDB.CO,Financial Services,Denmark,CPH,22961950720.0
NKT A/S,NKT,NKT.CO,Industrials,Denmark,CPH,27022542848.0
A.P. Møller - Mærsk B A/S,MAERSK-B,MAERSK-B.CO,Industrials,Denmark,CPH,186139951104.0
A.P. Møller - Mærsk A A/S,MAERSK-A,MAERSK-A.CO,Industrials,Denmark,CPH,186038648832.0
Zealand Pharma A/S,ZEAL,ZEAL.CO,Healthcare,Denmark,CPH,41189183488.0
Carlsberg B A/S,CARL-B,CARL-B.CO,Consumer Defensive,Denmark,CPH,122731913216.0
Rockwool A/S ser. B,ROCK-B,ROCK-B.CO,Industrials,Denmark,CPH,67074318336.0
Genmab A/S,GMAB,GMAB.CO,Healthcare,Denmark,CPH,89923534848.0
Non disponible,BRK,BRK.B,Non disponible,Non disponible,Non disponible,
Eli Lilly and Company,LLY,LLY,Healthcare,United States,NYQ,720018014208.0
Walmart Inc.,WMT,WMT,Consumer Defensive,United States,NYQ,678821429248.0
Visa Inc.,V,V,Financial Services,United States,NYQ,633776242688.0
JP Morgan Chase & Co.,JPM,JPM,Financial Services,United States,NYQ,629656059904.0
Mastercard Incorporated,MA,MA,Financial Services,United States,NYQ,473933217792.0
Exxon Mobil Corporation,XOM,XOM,Energy,United States,NYQ,471534338048.0
UnitedHealth Group Incorporated,UNH,UNH,Healthcare,United States,NYQ,440452120576.0
Oracle Corporation,ORCL,ORCL,Technology,United States,NYQ,414072602624.0
Procter & Gamble Company (The),PG,PG,Consumer Defensive,United States,NYQ,395318231040.0
Johnson & Johnson,JNJ,JNJ,Healthcare,United States,NYQ,392781496320.0
AbbVie Inc.,ABBV,ABBV,Healthcare,United States,NYQ,373459812352.0
"Home Depot, Inc. (The)",HD,HD,Consumer Cyclical,United States,NYQ,344945295360.0
Bank of America Corporation,BAC,BAC,Financial Services,United States,NYQ,301603061760.0
Coca-Cola Company (The),KO,KO,Consumer Defensive,United States,NYQ,299435655168.0
Chevron Corporation,CVX,CVX,Energy,United States,NYQ,270445772800.0
"Salesforce, Inc.",CRM,CRM,Technology,United States,NYQ,261142134784.0
"Merck & Company, Inc.",MRK,MRK,Healthcare,United States,NYQ,239241248768.0
Philip Morris International Inc,PM,PM,Consumer Defensive,United States,NYQ,233990897664.0
International Business Machines,IBM,IBM,Technology,United States,NYQ,227921494016.0
Abbott Laboratories,ABT,ABT,Healthcare,United States,NYQ,225270824960.0
Wells Fargo & Company,WFC,WFC,Financial Services,United States,NYQ,225109475328.0
McDonald's Corporation,MCD,MCD,Consumer Cyclical,United States,NYQ,212552138752.0
GE Aerospace,GE,GE,Industrials,United States,NYQ,206522449920.0
Accenture plc,ACN,ACN,Technology,Ireland,NYQ,198320947200.0
Thermo Fisher Scientific Inc,TMO,TMO,Healthcare,United States,NYQ,191988121600.0
AT&T Inc.,T,T,Communication Services,United States,NYQ,187278721024.0
Verizon Communications Inc.,VZ,VZ,Communication Services,United States,NYQ,184005984256.0
American Express Company,AXP,AXP,Financial Services,United States,NYQ,180150272000.0
Morgan Stanley,MS,MS,Financial Services,United States,NYQ,180124205056.0
Walt Disney Company (The),DIS,DIS,Communication Services,United States,NYQ,175120613376.0
RTX Corporation,RTX,RTX,Industrials,United States,NYQ,172493635584.0
"ServiceNow, Inc.",NOW,NOW,Technology,United States,NYQ,167588986880.0
Blackstone Inc.,BX,BX,Financial Services,United States,NYQ,166383648768.0
Progressive Corporation (The),PGR,PGR,Financial Services,United States,NYQ,163786506240.0
"Goldman Sachs Group, Inc. (The)",GS,GS,Financial Services,United States,NYQ,163761192960.0
"Caterpillar, Inc.",CAT,CAT,Industrials,United States,NYQ,159299518464.0
"NextEra Energy, Inc.",NEE,NEE,Utilities,United States,NYQ,149607792640.0
S&P Global Inc.,SPGI,SPGI,Financial Services,United States,NYQ,147697827840.0
Danaher Corporation,DHR,DHR,Healthcare,United States,NYQ,145865162752.0
"Uber Technologies, Inc.",UBER,UBER,Technology,United States,NYQ,145207099392.0
"Pfizer, Inc.",PFE,PFE,Healthcare,United States,NYQ,145189126144.0
Union Pacific Corporation,UNP,UNP,Industrials,United States,NYQ,141578174464.0
Boston Scientific Corporation,BSX,BSX,Healthcare,United States,NYQ,140745146368.0
"BlackRock, Inc.",BLK,BLK,Financial Services,United States,NYQ,139799117824.0
Stryker Corporation,SYK,SYK,Healthcare,United States,NYQ,138765025280.0
Charles Schwab Corporation (The,SCHW,SCHW,Financial Services,United States,NYQ,133315534848.0
"TJX Companies, Inc. (The)",TJX,TJX,Consumer Cyclical,United States,NYQ,126816485376.0
Deere & Company,DE,DE,Industrials,United States,NYQ,126774771712.0
"Citigroup, Inc.",C,C,Financial Services,United States,NYQ,126693597184.0
"Lowe's Companies, Inc.",LOW,LOW,Consumer Cyclical,United States,NYQ,124689604608.0
ConocoPhillips,COP,COP,Energy,United States,NYQ,122390241280.0
Bristol-Myers Squibb Company,BMY,BMY,Healthcare,United States,NYQ,122326802432.0
Boeing Company (The),BA,BA,Industrials,United States,NYQ,119873486848.0
Medtronic plc.,MDT,MDT,Healthcare,Ireland,NYQ,118416924672.0
"Fiserv, Inc.",FI,FI,Technology,United States,NYQ,117561982976.0
Chubb Limited,CB,CB,Financial Services,Switzerland,NYQ,115623133184.0
"Marsh & McLennan Companies, Inc",MMC,MMC,Financial Services,United States,NYQ,112930668544.0
"Eaton Corporation, PLC",ETN,ETN,Industrials,Ireland,NYQ,111210405888.0
Lockheed Martin Corporation,LMT,LMT,Industrials,United States,NYQ,110144167936.0
"Nike, Inc.",NKE,NKE,Consumer Cyclical,United States,NYQ,107444002816.0
"Prologis, Inc.",PLD,PLD,Real Estate,United States,NYQ,102288277504.0
"Arista Networks, Inc.",ANET,ANET,Technology,United States,NYQ,101066153984.0
"Altria Group, Inc.",MO,MO,Consumer Defensive,United States,NYQ,98988138496.0
"United Parcel Service, Inc.",UPS,UPS,Industrials,United States,NYQ,98426249216.0
Southern Company (The),SO,SO,Utilities,United States,NYQ,98306179072.0
Intercontinental Exchange Inc.,ICE,ICE,Financial Services,United States,NYQ,97181925376.0
American Tower Corporation (REI,AMT,AMT,Real Estate,United States,NYQ,97123540992.0
KKR & Co. Inc.,KKR,KKR,Financial Services,United States,NYQ,100301201408.0
"Elevance Health, Inc.",ELV,ELV,Healthcare,United States,NYQ,94862622720.0
CME Group Inc.,CME,CME,Financial Services,United States,NMS,93352722432.0
Welltower Inc.,WELL,WELL,Real Estate,United States,NYQ,93560430592.0
Duke Energy Corporation (Holdin,DUK,DUK,Utilities,United States,NYQ,91785453568.0
"Waste Management, Inc.",WM,WM,Industrials,United States,NYQ,89752068096.0
Sherwin-Williams Company (The),SHW,SHW,Basic Materials,United States,NYQ,86041575424.0
The Cigna Group,CI,CI,Healthcare,United States,NYQ,85384798208.0
Aon plc,AON,AON,Financial Services,Ireland,NYQ,85147590656.0
CVS Health Corporation,CVS,CVS,Healthcare,United States,NYQ,82897600512.0
GE Vernova Inc.,GEV,GEV,Utilities,United States,NYQ,82836512768.0
Arthur J. Gallagher & Co.,AJG,AJG,Financial Services,United States,NYQ,82229895168.0
"Equinix, Inc.",EQIX,EQIX,Real Estate,United States,NMS,81170022400.0
McKesson Corporation,MCK,MCK,Healthcare,United States,NYQ,80671096832.0
3M Company,MMM,MMM,Industrials,United States,NYQ,79317688320.0
Moody's Corporation,MCO,MCO,Financial Services,United States,NYQ,78755397632.0
"HCA Healthcare, Inc.",HCA,HCA,Healthcare,United States,NYQ,78175584256.0
Parker-Hannifin Corporation,PH,PH,Industrials,United States,NYQ,76183814144.0
Trane Technologies plc,TT,TT,Industrials,Ireland,NYQ,76012224512.0
Amphenol Corporation,APH,APH,Technology,United States,NYQ,74626744320.0
Transdigm Group Incorporated,TDG,TDG,Industrials,United States,NYQ,74604855296.0
"Apollo Global Management, Inc. ",APO,APO,Financial Services,United States,NYQ,74299318272.0
Illinois Tool Works Inc.,ITW,ITW,Industrials,United States,NYQ,73483591680.0
Colgate-Palmolive Company,CL,CL,Consumer Defensive,United States,NYQ,73460236288.0
Zoetis Inc.,ZTS,ZTS,Healthcare,United States,NYQ,71673585664.0
"Republic Services, Inc.",RSG,RSG,Industrials,United States,NYQ,71600701440.0
Ecolab Inc.,ECL,ECL,Basic Materials,United States,NYQ,71063371776.0
Northrop Grumman Corporation,NOC,NOC,Industrials,United States,NYQ,71015841792.0
General Dynamics Corporation,GD,GD,Industrials,United States,NYQ,70604873728.0
"Motorola Solutions, Inc.",MSI,MSI,Technology,United States,NYQ,69131943936.0
"Williams Companies, Inc. (The)",WMB,WMB,Energy,United States,NYQ,68504207360.0
"EOG Resources, Inc.",EOG,EOG,Energy,United States,NYQ,67074899968.0
"PNC Financial Services Group, I",PNC,PNC,Financial Services,United States,NYQ,66818433024.0
"Chipotle Mexican Grill, Inc.",CMG,CMG,Consumer Cyclical,United States,NYQ,66045718528.0
"Air Products and Chemicals, Inc",APD,APD,Basic Materials,United States,NYQ,65152098304.0
Dell Technologies Inc.,DELL,DELL,Technology,United States,NYQ,64502829056.0
"Becton, Dickinson and Company",BDX,BDX,Healthcare,United States,NYQ,63970807808.0
U.S. Bancorp,USB,USB,Financial Services,United States,NYQ,63753764864.0
Capital One Financial Corporati,COF,COF,Financial Services,United States,NYQ,63346204672.0
Emerson Electric Company,EMR,EMR,Industrials,United States,NYQ,61577883648.0
"AutoZone, Inc.",AZO,AZO,Consumer Cyclical,United States,NYQ,59378999296.0
"Kinder Morgan, Inc.",KMI,KMI,Energy,United States,NYQ,58970820608.0
"ONEOK, Inc.",OKE,OKE,Energy,United States,NYQ,58375786496.0
FedEx Corporation,FDX,FDX,Industrials,United States,NYQ,58040274944.0
"The Travelers Companies, Inc.",TRV,TRV,Financial Services,United States,NYQ,58028511232.0
AFLAC Incorporated,AFL,AFL,Financial Services,United States,NYQ,57446400000.0
The Bank of New York Mellon Cor,BK,BK,Financial Services,United States,NYQ,57193811968.0
Royal Caribbean Cruises Ltd.,RCL,RCL,Consumer Cyclical,United States,NYQ,55951917056.0
Carrier Global Corporation,CARR,CARR,Industrials,United States,NYQ,55511228416.0
Schlumberger N.V.,SLB,SLB,Energy,United States,NYQ,54299209728.0
"Freeport-McMoRan, Inc.",FCX,FCX,Basic Materials,United States,NYQ,54005092352.0
Allstate Corporation (The),ALL,ALL,Financial Services,United States,NYQ,53535252480.0
Hilton Worldwide Holdings Inc.,HLT,HLT,Consumer Cyclical,United States,NYQ,53359599616.0
"MetLife, Inc.",MET,MET,Financial Services,United States,NYQ,52931416064.0
"Simon Property Group, Inc.",SPG,SPG,Real Estate,United States,NYQ,60130021376.0
Norfolk Southern Corporation,NSC,NSC,Industrials,United States,NYQ,51556757504.0
Truist Financial Corporation,TFC,TFC,Financial Services,United States,NYQ,51535216640.0
Newmont Corporation,NEM,NEM,Basic Materials,United States,NYQ,51441160192.0
Public Storage,PSA,PSA,Real Estate,United States,NYQ,51377594368.0
Johnson Controls International ,JCI,JCI,Industrials,Ireland,NYQ,51134365696.0
Phillips 66,PSX,PSX,Energy,United States,NYQ,49943003136.0
Realty Income Corporation,O,O,Real Estate,United States,NYQ,49800085504.0
Howmet Aerospace Inc.,HWM,HWM,Industrials,United States,NYQ,49724674048.0
"Cencora, Inc.",COR,COR,Healthcare,United States,NYQ,49592463360.0
"Digital Realty Trust, Inc.",DLR,DLR,Real Estate,United States,NYQ,50025168896.0
"American International Group, I",AIG,AIG,Financial Services,United States,NYQ,48386306048.0
Kroger Company (The),KR,KR,Consumer Defensive,United States,NYQ,43493797888.0
Target Corporation,TGT,TGT,Consumer Defensive,United States,NYQ,47607693312.0
"Ameriprise Financial, Inc.",AMP,AMP,Financial Services,United States,NYQ,47366438912.0
General Motors Company,GM,GM,Consumer Cyclical,United States,NYQ,46874542080.0
Kimberly-Clark Corporation,KMB,KMB,Consumer Defensive,United States,NYQ,46477709312.0
"Dominion Energy, Inc.",D,D,Utilities,United States,NYQ,46087385088.0
"W.W. Grainger, Inc.",GWW,GWW,Industrials,United States,NYQ,45933355008.0
Hess Corporation,HES,HES,Energy,United States,NYQ,44369383424.0
Kenvue Inc.,KVUE,KVUE,Consumer Defensive,United States,NYQ,44302540800.0
DBA Sempra,SRE,SRE,Utilities,United States,NYQ,44201357312.0
Cummins Inc.,CMI,CMI,Industrials,United States,NYQ,43020554240.0
"Yum! Brands, Inc.",YUM,YUM,Consumer Cyclical,United States,NYQ,42819829760.0
Marathon Petroleum Corporation,MPC,MPC,Energy,United States,NYQ,42829164544.0
Occidental Petroleum Corporatio,OXY,OXY,Energy,United States,NYQ,42685550592.0
Fair Isaac Corporation,FICO,FICO,Technology,United States,NYQ,42616999936.0
TE Connectivity plc,TEL,TEL,Technology,Ireland,NYQ,42133409792.0
MSCI Inc.,MSCI,MSCI,Financial Services,United States,NYQ,42018164736.0
"Nasdaq, Inc.",NDAQ,NDAQ,Financial Services,United States,NMS,41508216832.0
Crown Castle Inc.,CCI,CCI,Real Estate,United States,NYQ,41325924352.0
Garmin Ltd.,GRMN,GRMN,Technology,Switzerland,NYQ,40283623424.0
"Corteva, Inc.",CTVA,CTVA,Basic Materials,United States,NYQ,40166723584.0
Vistra Corp.,VST,VST,Utilities,United States,NYQ,39997751296.0
Discover Financial Services,DFS,DFS,Financial Services,United States,NYQ,40063062016.0
Edwards Lifesciences Corporatio,EW,EW,Healthcare,United States,NYQ,39947804672.0
"AMETEK, Inc.",AME,AME,Industrials,United States,NYQ,39898464256.0
"Targa Resources, Inc.",TRGP,TRGP,Energy,United States,NYQ,39883046912.0
"L3Harris Technologies, Inc.",LHX,LHX,Industrials,United States,NYQ,39641862144.0
Public Service Enterprise Group,PEG,PEG,Utilities,United States,NYQ,39755251712.0
Valero Energy Corporation,VLO,VLO,Energy,United States,NYQ,39624232960.0
Otis Worldwide Corporation,OTIS,OTIS,Industrials,United States,NYQ,39497256960.0
"D.R. Horton, Inc.",DHI,DHI,Consumer Cyclical,United States,NYQ,40196665344.0
Corning Incorporated,GLW,GLW,Technology,United States,NYQ,39059316736.0
"United Rentals, Inc.",URI,URI,Industrials,United States,NYQ,38803517440.0
Ford Motor Company,F,F,Consumer Cyclical,United States,NYQ,37771677696.0
"Prudential Financial, Inc.",PRU,PRU,Financial Services,United States,NYQ,37184159744.0
"Quanta Services, Inc.",PWR,PWR,Industrials,United States,NYQ,37092474880.0
Fidelity National Information S,FIS,FIS,Technology,United States,NYQ,36946018304.0
"Consolidated Edison, Inc.",ED,ED,Utilities,United States,NYQ,36920737792.0
CBRE Group Inc,CBRE,CBRE,Real Estate,United States,NYQ,36541505536.0
Pacific Gas & Electric Co.,PCG,PCG,Utilities,United States,NYQ,35974713344.0
Entergy Corporation,ETR,ETR,Utilities,United States,NYQ,35655409664.0
Sysco Corporation,SYY,SYY,Consumer Defensive,United States,NYQ,35547455488.0
The Hershey Company,HSY,HSY,Consumer Defensive,United States,NYQ,34802548736.0
"Gartner, Inc.",IT,IT,Technology,United States,NYQ,34726436864.0
Arch Capital Group Ltd.,ACGL,ACGL,Financial Services,Bermuda,NMS,33936027648.0
"Brown & Brown, Inc.",BRO,BRO,Financial Services,United States,NYQ,33699946496.0
"Agilent Technologies, Inc.",A,A,Healthcare,United States,NYQ,33451137024.0
VICI Properties Inc.,VICI,VICI,Real Estate,United States,NYQ,33327525888.0
"The Hartford Insurance Group, I",HIG,HIG,Financial Services,United States,NYQ,33247586304.0
"WEC Energy Group, Inc.",WEC,WEC,Utilities,United States,NYQ,33398913024.0
"General Mills, Inc.",GIS,GIS,Consumer Defensive,United States,NYQ,32991172608.0
"Constellation Brands, Inc.",STZ,STZ,Consumer Defensive,United States,NYQ,32823482368.0
ResMed Inc.,RMD,RMD,Healthcare,United States,NYQ,32269619200.0
Ingersoll Rand Inc.,IR,IR,Industrials,United States,NYQ,32246640640.0
"IQVIA Holdings, Inc.",IQV,IQV,Healthcare,United States,NYQ,31988830208.0
Willis Towers Watson Public Lim,WTW,WTW,Financial Services,United Kingdom,NMS,31811909632.0
"DuPont de Nemours, Inc.",DD,DD,Basic Materials,United States,NYQ,31316051968.0
Extra Space Storage Inc,EXR,EXR,Real Estate,United States,NYQ,31985364992.0
Las Vegas Sands Corp.,LVS,LVS,Consumer Cyclical,United States,NYQ,30627696640.0
Lennar Corporation,LEN,LEN,Consumer Cyclical,United States,NYQ,30565824512.0
"Cardinal Health, Inc.",CAH,CAH,Healthcare,United States,NYQ,30502791168.0
Humana Inc.,HUM,HUM,Healthcare,United States,NYQ,30382049280.0
Westinghouse Air Brake Technolo,WAB,WAB,Industrials,United States,NYQ,30111959040.0
eBay Inc.,EBAY,EBAY,Consumer Cyclical,United States,NMS,29940500480.0
Nucor Corporation,NUE,NUE,Basic Materials,United States,NYQ,29868242944.0
"Ventas, Inc.",VTR,VTR,Real Estate,United States,NYQ,29008611328.0
Vulcan Materials Company (Holdi,VMC,VMC,Basic Materials,United States,NYQ,29730033664.0
"AvalonBay Communities, Inc.",AVB,AVB,Real Estate,United States,NYQ,29569126400.0
Xylem Inc.,XYL,XYL,Industrials,United States,NYQ,29408565248.0
"Equifax, Inc.",EFX,EFX,Industrials,United States,NYQ,29360201728.0
EQT Corporation,EQT,EQT,Energy,United States,NYQ,29190969344.0
"Rockwell Automation, Inc.",ROK,ROK,Industrials,United States,NYQ,28866406400.0
Texas Pacific Land Corporation,TPL,TPL,Energy,United States,NYQ,28842246144.0
Centene Corporation,CNC,CNC,Healthcare,United States,NYQ,28750710784.0
"Raymond James Financial, Inc.",RJF,RJF,Financial Services,United States,NYQ,28648466432.0
Kellanova,K,K,Consumer Defensive,United States,NYQ,28411277312.0
"Delta Air Lines, Inc.",DAL,DAL,Industrials,United States,NYQ,28370649088.0
"Martin Marietta Materials, Inc.",MLM,MLM,Basic Materials,United States,NYQ,28356614144.0
M&T Bank Corporation,MTB,MTB,Financial Services,United States,NYQ,28006516736.0
"American Water Works Company, I",AWK,AWK,Utilities,United States,NYQ,27787745280.0
DTE Energy Company,DTE,DTE,Utilities,United States,NYQ,27503087616.0
Tractor Supply Company,TSCO,TSCO,Consumer Cyclical,United States,NMS,27459770368.0
"Monolithic Power Systems, Inc.",MPWR,MPWR,Technology,United States,NMS,27341539328.0
"Church & Dwight Company, Inc.",CHD,CHD,Consumer Defensive,United States,NYQ,26997667840.0
"Live Nation Entertainment, Inc.",LYV,LYV,Communication Services,United States,NYQ,26760572928.0
International Paper Company,IP,IP,Consumer Cyclical,United States,NYQ,26506229760.0
Ameren Corporation,AEE,AEE,Utilities,United States,NYQ,26439989248.0
"Broadridge Financial Solutions,",BR,BR,Technology,United States,NYQ,26395975680.0
HP Inc.,HPQ,HPQ,Technology,United States,NYQ,26310840320.0
Equity Residential,EQR,EQR,Real Estate,United States,NYQ,26722674688.0
Keysight Technologies Inc.,KEYS,KEYS,Technology,United States,NYQ,25603680256.0
Dow Inc.,DOW,DOW,Basic Materials,United States,NYQ,25569828864.0
"PPG Industries, Inc.",PPG,PPG,Basic Materials,United States,NYQ,25275936768.0
PPL Corporation,PPL,PPL,Utilities,United States,NYQ,25212741632.0
"Mettler-Toledo International, I",MTD,MTD,Healthcare,United States,NYQ,25141424128.0
Fifth Third Bancorp,FITB,FITB,Financial Services,United States,NMS,24909621248.0
Iron Mountain Incorporated (Del,IRM,IRM,Real Estate,United States,NYQ,24997357568.0
Carnival Corporation,CCL,CCL,Consumer Cyclical,United States,NYQ,25848139776.0
"Rollins, Inc.",ROL,ROL,Consumer Cyclical,United States,NYQ,24564733952.0
Fortive Corporation,FTV,FTV,Technology,United States,NYQ,24439625728.0
GoDaddy Inc.,GDDY,GDDY,Technology,United States,NYQ,24374013952.0
State Street Corporation,STT,STT,Financial Services,United States,NYQ,24366977024.0
Dover Corporation,DOV,DOV,Industrials,United States,NYQ,24301172736.0
"Tyler Technologies, Inc.",TYL,TYL,Technology,United States,NYQ,23804266496.0
Veralto Corp,VLTO,VLTO,Industrials,United States,NYQ,23698059264.0
LyondellBasell Industries NV,LYB,LYB,Basic Materials,United States,NYQ,23485415424.0
W.R. Berkley Corporation,WRB,WRB,Financial Services,United States,NYQ,23462711296.0
Atmos Energy Corporation,ATO,ATO,Utilities,United States,NYQ,23337777152.0
"Estee Lauder Companies, Inc. (T",EL,EL,Consumer Defensive,United States,NYQ,23331115008.0
"Super Micro Computer, Inc.",SMCI,SMCI,Technology,United States,NMS,23193239552.0
SBA Communications Corporation,SBAC,SBAC,Real Estate,United States,NMS,23089874944.0
"Corpay, Inc.",CPAY,CPAY,Technology,United States,NYQ,23071473664.0
"United Airlines Holdings, Inc.",UAL,UAL,Industrials,United States,NMS,22881067008.0
Global Payments Inc.,GPN,GPN,Industrials,United States,NYQ,22825242624.0
Archer-Daniels-Midland Company,ADM,ADM,Consumer Defensive,United States,NYQ,22666156032.0
Smurfit WestRock plc,SW,SW,Consumer Cyclical,Ireland,NYQ,22668896256.0
FirstEnergy Corp.,FE,FE,Utilities,United States,NYQ,22571921408.0
"CenterPoint Energy, Inc (Holdin",CNP,CNP,Utilities,United States,NYQ,22590881792.0
Teledyne Technologies Incorpora,TDY,TDY,Technology,United States,NYQ,22527539200.0
"Cboe Global Markets, Inc.",CBOE,CBOE,Financial Services,United States,BTS,22524540928.0
Cincinnati Financial Corporatio,CINF,CINF,Financial Services,United States,NMS,22224842752.0
Fox Corporation,FOXA,FOXA,Communication Services,United States,NMS,22219499520.0
Fox Corporation,FOX,FOX,Communication Services,United States,NMS,22190174208.0
"VeriSign, Inc.",VRSN,VRSN,Technology,United States,NMS,22094776320.0
Eversource Energy (D/B/A),ES,ES,Utilities,United States,NYQ,22047447040.0
Devon Energy Corporation,DVN,DVN,Energy,United States,NYQ,21914640384.0
STERIS plc (Ireland),STE,STE,Healthcare,United States,NYQ,21855889408.0
Waters Corporation,WAT,WAT,Healthcare,United States,NYQ,21651707904.0
"McCormick & Company, Incorporat",MKC,MKC,Consumer Defensive,United States,NYQ,21650092032.0
Edison International,EIX,EIX,Utilities,United States,NYQ,21495889920.0
CMS Energy Corporation,CMS,CMS,Utilities,United States,NYQ,21477384192.0
"Zimmer Biomet Holdings, Inc.",ZBH,ZBH,Healthcare,United States,NYQ,21413208064.0
"NVR, Inc.",NVR,NVR,Consumer Cyclical,United States,NYQ,20563300352.0
"Darden Restaurants, Inc.",DRI,DRI,Consumer Cyclical,United States,NYQ,21218836480.0
Halliburton Company,HAL,HAL,Energy,United States,NYQ,21129359360.0
Weyerhaeuser Company,WY,WY,Real Estate,United States,NYQ,21005484032.0
"Tyson Foods, Inc.",TSN,TSN,Consumer Defensive,United States,NYQ,21371639808.0
Huntington Bancshares Incorpora,HBAN,HBAN,Financial Services,United States,NMS,20859508736.0
"T. Rowe Price Group, Inc.",TROW,TROW,Financial Services,United States,NMS,20491233280.0
"PulteGroup, Inc.",PHM,PHM,Consumer Cyclical,United States,NYQ,20466479104.0
Coterra Energy Inc.,CTRA,CTRA,Energy,United States,NYQ,20418113536.0
International Flavors & Fragran,IFF,IFF,Basic Materials,United States,NYQ,20244877312.0
"Expedia Group, Inc.",EXPE,EXPE,Consumer Cyclical,United States,NMS,20244723712.0
Synchrony Financial,SYF,SYF,Financial Services,United States,NYQ,20176125952.0
Invitation Homes Inc.,INVH,INVH,Real Estate,United States,NYQ,20151373824.0
"Lennox International, Inc.",LII,LII,Industrials,United States,NYQ,19871619072.0
Labcorp Holdings Inc.,LH,LH,Healthcare,United States,NYQ,19723905024.0
Erie Indemnity Company,ERIE,ERIE,Financial Services,United States,NMS,21871296512.0
Hewlett Packard Enterprise Comp,HPE,HPE,Technology,United States,NYQ,19401578496.0
Mid-America Apartment Communiti,MAA,MAA,Real Estate,United States,NYQ,19405080576.0
Regions Financial Corporation,RF,RF,Financial Services,United States,NYQ,18869891072.0
Northern Trust Corporation,NTRS,NTRS,Financial Services,United States,NMS,18734858240.0
Quest Diagnostics Incorporated,DGX,DGX,Healthcare,United States,NYQ,18735306752.0
"NetApp, Inc.",NTAP,NTAP,Technology,United States,NMS,18586310656.0
"Essex Property Trust, Inc.",ESS,ESS,Real Estate,United States,NYQ,19911749632.0
"Steel Dynamics, Inc.",STLD,STLD,Basic Materials,United States,NMS,18507712512.0
PTC Inc.,PTC,PTC,Technology,United States,NMS,18445670400.0
Southwest Airlines Company,LUV,LUV,Industrials,United States,NYQ,18372491264.0
NiSource Inc,NI,NI,Utilities,United States,NYQ,18172579840.0
Principal Financial Group Inc,PFG,PFG,Financial Services,United States,NMS,18167488512.0
Seagate Technology Holdings PLC,STX,STX,Technology,Singapore,NMS,18126354432.0
Clorox Company (The),CLX,CLX,Consumer Defensive,United States,NYQ,18102769664.0
Loews Corporation,L,L,Financial Services,United States,NYQ,17878943744.0
"NRG Energy, Inc.",NRG,NRG,Utilities,United States,NYQ,18008432640.0
Hubbell Inc,HUBB,HUBB,Industrials,United States,NYQ,17806942208.0
Deckers Outdoor Corporation,DECK,DECK,Consumer Cyclical,United States,NYQ,17763629056.0
Baxter International Inc.,BAX,BAX,Healthcare,United States,NYQ,17676642304.0
Dollar General Corporation,DG,DG,Consumer Defensive,United States,NYQ,17583083520.0
"Citizens Financial Group, Inc.",CFG,CFG,Financial Services,United States,NYQ,17367334912.0
Molina Healthcare Inc,MOH,MOH,Healthcare,United States,NYQ,17264386048.0
Packaging Corporation of Americ,PKG,PKG,Consumer Cyclical,United States,NYQ,17244524544.0
Insulet Corporation,PODD,PODD,Healthcare,United States,NMS,17182218240.0
"Leidos Holdings, Inc.",LDOS,LDOS,Technology,United States,NYQ,17426847744.0
Snap-On Incorporated,SNA,SNA,Industrials,United States,NYQ,16988084224.0
KeyCorp,KEY,KEY,Financial Services,United States,NYQ,16742567936.0
Alexandria Real Estate Equities,ARE,ARE,Real Estate,United States,NYQ,16729341952.0
Genuine Parts Company,GPC,GPC,Consumer Cyclical,United States,NYQ,16574734336.0
Non disponible,BF,BF.B,Non disponible,Non disponible,YHD,
Trimble Inc.,TRMB,TRMB,Technology,United States,NMS,16318131200.0
FactSet Research Systems Inc.,FDS,FDS,Financial Services,United States,NYQ,16257824768.0
Gen Digital Inc.,GEN,GEN,Technology,United States,NMS,16227205120.0
Hormel Foods Corporation,HRL,HRL,Consumer Defensive,United States,NYQ,16216935424.0
"West Pharmaceutical Services, I",WST,WST,Healthcare,United States,NYQ,16176528384.0
Expeditors International of Was,EXPD,EXPD,Industrials,United States,NYQ,16079347712.0
Alliant Energy Corporation,LNT,LNT,Utilities,United States,NMS,15973943296.0
News Corporation,NWSA,NWSA,Communication Services,United States,NMS,15623569408.0
News Corporation,NWS,NWS,Communication Services,United States,NMS,15623585792.0
Omnicom Group Inc.,OMC,OMC,Communication Services,United States,NYQ,15617105920.0
"The Cooper Companies, Inc.",COO,COO,Healthcare,United States,NMS,15542658048.0
"Evergy, Inc.",EVRG,EVRG,Utilities,United States,NMS,15320899584.0
"Best Buy Co., Inc.",BBY,BBY,Consumer Cyclical,United States,NYQ,15029859328.0
"Everest Group, Ltd.",EG,EG,Financial Services,Bermuda,NYQ,15009332224.0
"J.B. Hunt Transport Services, I",JBHT,JBHT,Industrials,United States,NMS,14944194560.0
"F5, Inc.",FFIV,FFIV,Technology,United States,NMS,14840855552.0
Domino's Pizza Inc,DPZ,DPZ,Consumer Cyclical,United States,NMS,14701967360.0
Masco Corporation,MAS,MAS,Industrials,United States,NYQ,14671343616.0
Western Digital Corporation,WDC,WDC,Technology,United States,NMS,14619041792.0
Jacobs Solutions Inc.,J,J,Industrials,United States,NYQ,14614597632.0
"Ulta Beauty, Inc.",ULTA,ULTA,Consumer Cyclical,United States,NMS,14582760448.0
"Tapestry, Inc.",TPR,TPR,Consumer Cyclical,United States,NYQ,14431015936.0
Ball Corporation,BALL,BALL,Consumer Cyclical,United States,NYQ,14415489024.0
Jabil Inc.,JBL,JBL,Technology,United States,NYQ,14295412736.0
"Healthpeak Properties, Inc.",DOC,DOC,Real Estate,United States,NYQ,13992878080.0
Aptiv PLC,APTV,APTV,Consumer Cyclical,Switzerland,NYQ,14264656896.0
"First Solar, Inc.",FSLR,FSLR,Technology,United States,NMS,14218903552.0
"Dollar Tree, Inc.",DLTR,DLTR,Consumer Defensive,United States,NMS,14192574464.0
"UDR, Inc.",UDR,UDR,Real Estate,United States,NYQ,16034243584.0
Zebra Technologies Corporation,ZBRA,ZBRA,Technology,United States,NMS,13960756224.0
"Builders FirstSource, Inc.",BLDR,BLDR,Industrials,United States,NYQ,13952659456.0
Amcor plc,AMCR,AMCR,Consumer Cyclical,Switzerland,NYQ,13918624768.0
Avery Dennison Corporation,AVY,AVY,Consumer Cyclical,United States,NYQ,13889330176.0
Pentair plc.,PNR,PNR,Industrials,United Kingdom,NYQ,13844627456.0
"Teradyne, Inc.",TER,TER,Technology,United States,NMS,13799483392.0
Kimco Realty Corporation (HC),KIM,KIM,Real Estate,United States,NYQ,13677971456.0
"Hologic, Inc.",HOLX,HOLX,Healthcare,United States,NMS,13701387264.0
IDEX Corporation,IEX,IEX,Industrials,United States,NYQ,13506981888.0
Ralph Lauren Corporation,RL,RL,Consumer Cyclical,United States,NYQ,13383066624.0
"Revvity, Inc.",RVTY,RVTY,Healthcare,United States,NYQ,13254617088.0
"Moderna, Inc.",MRNA,MRNA,Healthcare,United States,NMS,13261168640.0
Incyte Corporation,INCY,INCY,Healthcare,United States,NMS,13103509504.0
Textron Inc.,TXT,TXT,Industrials,United States,NYQ,13074894848.0
"CF Industries Holdings, Inc.",CF,CF,Basic Materials,United States,NYQ,13023832064.0
Regency Centers Corporation,REG,REG,Real Estate,United States,NMS,12843500544.0
"Jack Henry & Associates, Inc.",JKHY,JKHY,Technology,United States,NMS,12780424192.0
Solventum Corporation,SOLV,SOLV,Healthcare,United States,NYQ,12507177984.0
Camden Property Trust,CPT,CPT,Real Estate,United States,NYQ,12463880192.0
"ConAgra Brands, Inc.",CAG,CAG,Consumer Defensive,United States,NYQ,12319629312.0
"Stanley Black & Decker, Inc.",SWK,SWK,Industrials,United States,NYQ,12270317568.0
Pool Corporation,POOL,POOL,Industrials,United States,NMS,12069983232.0
Molson Coors Beverage Company,TAP,TAP,Consumer Defensive,United States,NYQ,11917937664.0
The J.M. Smucker Company,SJM,SJM,Consumer Defensive,United States,NYQ,11893164032.0
"Juniper Networks, Inc.",JNPR,JNPR,Technology,United States,NYQ,11848237056.0
"Akamai Technologies, Inc.",AKAM,AKAM,Technology,United States,NMS,11824014336.0
"Align Technology, Inc.",ALGN,ALGN,Healthcare,United States,NMS,11813150720.0
"Paycom Software, Inc.",PAYC,PAYC,Technology,United States,NYQ,11355142144.0
Nordson Corporation,NDSN,NDSN,Industrials,United States,NMS,11495595008.0
The Campbell's Company,CPB,CPB,Consumer Defensive,United States,NMS,11471062016.0
"C.H. Robinson Worldwide, Inc.",CHRW,CHRW,Industrials,United States,NMS,11433761792.0
DaVita Inc.,DVA,DVA,Healthcare,United States,NYQ,11289600000.0
Pinnacle West Capital Corporati,PNW,PNW,Utilities,United States,NYQ,10935669760.0
"Skyworks Solutions, Inc.",SWKS,SWKS,Technology,United States,NMS,10800187392.0
Allegion plc,ALLE,ALLE,Industrials,Ireland,NYQ,10785436672.0
Viatris Inc.,VTRS,VTRS,Healthcare,United States,NMS,10719335424.0
LKQ Corporation,LKQ,LKQ,Consumer Cyclical,United States,NMS,10697918464.0
"Universal Health Services, Inc.",UHS,UHS,Healthcare,United States,NYQ,10659678208.0
CarMax Inc,KMX,KMX,Consumer Cyclical,United States,NYQ,10650649600.0
Eastman Chemical Company,EMN,EMN,Basic Materials,United States,NYQ,10427311104.0
"Assurant, Inc.",AIZ,AIZ,Financial Services,United States,NYQ,10363579392.0
"EPAM Systems, Inc.",EPAM,EPAM,Technology,United States,NYQ,10248960000.0
Globe Life Inc.,GL,GL,Financial Services,United States,NYQ,10225311744.0
"Host Hotels & Resorts, Inc.",HST,HST,Real Estate,United States,NMS,10287493120.0
"BXP, Inc.",BXP,BXP,Real Estate,United States,NYQ,11288850432.0
"Franklin Resources, Inc.",BEN,BEN,Financial Services,United States,NYQ,9940530176.0
Bunge Limited,BG,BG,Consumer Defensive,United States,NYQ,9858704384.0
"Walgreens Boots Alliance, Inc.",WBA,WBA,Healthcare,United States,NMS,9736915968.0
"Interpublic Group of Companies,",IPG,IPG,Communication Services,United States,NYQ,9722412032.0
Bio-Techne Corp,TECH,TECH,Healthcare,United States,NMS,9466309632.0
A.O. Smith Corporation,AOS,AOS,Industrials,United States,NYQ,9393972224.0
"Wynn Resorts, Limited",WYNN,WYNN,Consumer Cyclical,United States,NMS,8855755776.0
The AES Corporation,AES,AES,Utilities,United States,NYQ,8742144000.0
"Henry Schein, Inc.",HSIC,HSIC,Healthcare,United States,NMS,8668795904.0
MGM Resorts International,MGM,MGM,Consumer Cyclical,United States,NYQ,8612217856.0
Charles River Laboratories Inte,CRL,CRL,Healthcare,United States,NYQ,8537067008.0
Albemarle Corporation,ALB,ALB,Basic Materials,United States,NYQ,8512285184.0
"Dayforce, Inc.",DAY,DAY,Technology,United States,NYQ,8292550144.0
"Hasbro, Inc.",HAS,HAS,Consumer Cyclical,United States,NMS,8274188800.0
Paramount Global,PARA,PARA,Communication Services,United States,NMS,8257242112.0
Federal Realty Investment Trust,FRT,FRT,Real Estate,United States,NYQ,8171568128.0
Norwegian Cruise Line Holdings ,NCLH,NCLH,Consumer Cyclical,United States,NYQ,8152181248.0
"MarketAxess Holdings, Inc.",MKTX,MKTX,Financial Services,United States,NMS,7991334912.0
Mosaic Company (The),MOS,MOS,Basic Materials,United States,NYQ,7942491136.0
"Enphase Energy, Inc.",ENPH,ENPH,Technology,United States,NGM,7684642304.0
"Huntington Ingalls Industries, ",HII,HII,Industrials,United States,NYQ,7650344960.0
Generac Holdlings Inc.,GNRC,GNRC,Industrials,United States,NYQ,7615092224.0
"Match Group, Inc.",MTCH,MTCH,Communication Services,United States,NMS,7532903936.0
"Mohawk Industries, Inc.",MHK,MHK,Consumer Cyclical,United States,NYQ,6942172160.0
"Lamb Weston Holdings, Inc.",LW,LW,Consumer Defensive,United States,NYQ,6939484672.0
APA Corporation,APA,APA,Energy,United States,NMS,6931779072.0
Invesco Ltd,IVZ,IVZ,Financial Services,United States,NYQ,6691649536.0
Teleflex Incorporated,TFX,TFX,Healthcare,United States,NYQ,6318826496.0
BorgWarner Inc.,BWA,BWA,Consumer Cyclical,United States,NYQ,6075041792.0
Celanese Corporation,CE,CE,Basic Materials,United States,NYQ,5804435968.0
"Caesars Entertainment, Inc.",CZR,CZR,Consumer Cyclical,United States,NMS,5645905920.0
FMC Corporation,FMC,FMC,Basic Materials,United States,NYQ,5041079808.0
TOYOTA MOTOR CORP,7203,7203.T,Consumer Cyclical,Japan,JPX,35881373138944.0
MITSUBISHI UFJ FINANCIAL GROUP ,8306,8306.T,Financial Services,Japan,JPX,23078969016320.0
SONY GROUP CORPORATION,6758,6758.T,Technology,Japan,JPX,21210268172288.0
HITACHI,6501,6501.T,Industrials,Japan,JPX,16695528783872.0
SUMITOMO MITSUI FINANCIAL GROUP,8316,8316.T,Financial Services,Japan,JPX,14984083931136.0
KEYENCE CORP,6861,6861.T,Technology,Japan,JPX,14891034345472.0
FAST RETAILING CO LTD,9983,9983.T,Consumer Cyclical,Japan,JPX,14007574462464.0
RECRUIT HOLDINGS CO LTD,6098,6098.T,Communication Services,Japan,JPX,12585294364672.0
NIPPON TEL & TEL CORP,9432,9432.T,Communication Services,Japan,JPX,12220446539776.0
NINTENDO CO LTD,7974,7974.T,Communication Services,Japan,JPX,11951026470912.0
SOFTBANK GROUP CORP,9984,9984.T,Communication Services,Japan,JPX,11285720727552.0
CHUGAI PHARMACEUTICAL CO,4519,4519.T,Healthcare,Japan,JPX,11322891698176.0
TOKIO MARINE HOLDINGS INC,8766,8766.T,Financial Services,Japan,JPX,10764378177536.0
MIZUHO FINANCIAL GROUP,8411,8411.T,Financial Services,Japan,JPX,10544708845568.0
SOFTBANK CORP.,9434,9434.T,Communication Services,Japan,JPX,9991366901760.0
MITSUBISHI CORP,8058,8058.T,Industrials,Japan,JPX,10260971520000.0
KDDI CORPORATION,9433,9433.T,Communication Services,Japan,JPX,9451740332032.0
TOKYO ELECTRON,8035,8035.T,Technology,Japan,JPX,9839472279552.0
ITOCHU CORP,8001,8001.T,Industrials,Japan,JPX,9689176735744.0
SHIN-ETSU CHEMICAL CO,4063,4063.T,Basic Materials,Japan,JPX,8662802235392.0
MITSUBISHI HEAVY INDUSTRIES,7011,7011.T,Industrials,Japan,JPX,8582000017408.0
MITSUI & CO,8031,8031.T,Industrials,Japan,JPX,7941386665984.0
TAKEDA PHARMACEUTICAL CO LTD,4502,4502.T,Healthcare,Japan,JPX,7001673826304.0
JAPAN TOBACCO INC,2914,2914.T,Consumer Defensive,Japan,JPX,6942557208576.0
HONDA MOTOR CO,7267,7267.T,Consumer Cyclical,Japan,JPX,6393658605568.0
DAIICHI SANKYO COMPANY LIMITED,4568,4568.T,Healthcare,Japan,JPX,6580293074944.0
HOYA CORP,7741,7741.T,Healthcare,Japan,JPX,6006187229184.0
MITSUBISHI ELECTRIC CORP,6503,6503.T,Industrials,Japan,JPX,5927142424576.0
ADVANTEST CORP,6857,6857.T,Technology,Japan,JPX,6049018413056.0
SEVEN & I HOLDINGS CO LTD,3382,3382.T,Consumer Defensive,Japan,JPX,5625548374016.0
FUJITSU,6702,6702.T,Technology,Japan,JPX,5325356269568.0
DENSO CORP,6902,6902.T,Consumer Cyclical,Japan,JPX,5537309655040.0
MS&AD INS GP HLDGS,8725,8725.T,Financial Services,Japan,JPX,4966033391616.0
JAPAN POST HLDGS CO LTD,6178,6178.T,Financial Services,Japan,JPX,4667661615104.0
ORIENTAL LAND CO,4661,4661.T,Consumer Cyclical,Japan,JPX,5116614672384.0
DAIKIN INDUSTRIES,6367,6367.T,Industrials,Japan,JPX,4867749838848.0
CANON INC,7751,7751.T,Technology,Japan,JPX,4517548523520.0
MURATA MANUFACTURING CO,6981,6981.T,Technology,Japan,JPX,4648450654208.0
SOMPO HOLDINGS INC,8630,8630.T,Financial Services,Japan,JPX,4277830680576.0
PANASONIC HOLDINGS CORP,6752,6752.T,Technology,Japan,JPX,4187087175680.0
BRIDGESTONE CORP,5108,5108.T,Consumer Cyclical,Japan,JPX,4089101942784.0
DAI-ICHI LIFE HOLDINGS INC,8750,8750.T,Financial Services,Japan,JPX,4168764358656.0
SUMITOMO CORP,8053,8053.T,Industrials,Japan,JPX,4145391599616.0
OTSUKA HLDGS CO LTD,4578,4578.T,Healthcare,Japan,JPX,4091574484992.0
TERUMO CORP,4543,4543.T,Healthcare,Japan,JPX,4066354135040.0
KOMATSU,6301,6301.T,Industrials,Japan,JPX,4106642522112.0
RENESAS ELECTRONICS CORP,6723,6723.T,Technology,Japan,JPX,4057077645312.0
MARUBENI CORP,8002,8002.T,Industrials,Japan,JPX,3980999786496.0
FANUC CORPORATION,6954,6954.T,Industrials,Japan,JPX,4034504687616.0
NEC CORP,6701,6701.T,Technology,Japan,JPX,4047424978944.0
NTT DATA GROUP CORPORATION,9613,9613.T,Technology,Japan,JPX,3864160108544.0
SMC CORP,6273,6273.T,Industrials,Japan,JPX,3586085617664.0
LY CORPORATION,4689,4689.T,Consumer Cyclical,Japan,JPX,3720220770304.0
DISCO CORPORATION,6146,6146.T,Technology,Japan,JPX,3868808970240.0
FUJIFILM HOLDINGS CORPORATION,4901,4901.T,Industrials,Japan,JPX,3601176985600.0
NIPPON STEEL CORPORATION,5401,5401.T,Basic Materials,Japan,JPX,3573538881536.0
MITSUI FUDOSAN,8801,8801.T,Real Estate,Japan,JPX,3479757127680.0
EAST JAPAN RAILWAY CO,9020,9020.T,Industrials,Japan,JPX,3429505433600.0
SUZUKI MOTOR CORP,7269,7269.T,Consumer Cyclical,Japan,JPX,3419648819200.0
ORIX CORPORATION,8591,8591.T,Financial Services,Japan,JPX,3535761047552.0
AEON CO LTD,8267,8267.T,Consumer Cyclical,Japan,JPX,3337025486848.0
BANDAI NAMCO HOLDINGS INC,7832,7832.T,Consumer Cyclical,Japan,JPX,3242124378112.0
DAIWA HOUSE INDUSTRY CO,1925,1925.T,Real Estate,Japan,JPX,3062648537088.0
NIDEC CORPORATION,6594,6594.T,Industrials,Japan,JPX,3084682788864.0
AJINOMOTO CO INC,2802,2802.T,Consumer Defensive,Japan,JPX,3024473554944.0
CENTRAL JAPAN RAILWAY CO,9022,9022.T,Industrials,Japan,JPX,2960840982528.0
KAO CORP,4452,4452.T,Consumer Defensive,Japan,JPX,3000573100032.0
TDK CORP,6762,6762.T,Technology,Japan,JPX,2977271644160.0
RESONA HOLDINGS,8308,8308.T,Financial Services,Japan,JPX,2971473018880.0
ASAHI GROUP HLDGS,2502,2502.T,Consumer Defensive,Japan,JPX,2867437764608.0
NOMURA RESEARCH INSTITUTE,4307,4307.T,Technology,Japan,JPX,2832434724864.0
SUMITOMO MITSUI TRUST GP INC,8309,8309.T,Financial Services,Japan,JPX,2720805683200.0
TOYOTA TSUSHO CORP,8015,8015.T,Industrials,Japan,JPX,2723628711936.0
MITSUBISHI ESTATE CO,8802,8802.T,Real Estate,Japan,JPX,2774174531584.0
NOMURA HOLDINGS INC.,8604,8604.T,Financial Services,Japan,JPX,2744672059392.0
ASTELLAS PHARMA,4503,4503.T,Healthcare,Japan,JPX,2627896082432.0
SUMITOMO REALTY & DEVELOPMENT C,8830,8830.T,Real Estate,Japan,JPX,2581625044992.0
NIPPON YUSEN KABUSHIKI KAISHA,9101,9101.T,Industrials,Japan,JPX,2285249757184.0
ENEOS HOLDINGS INC,5020,5020.T,Energy,Japan,JPX,2233292292096.0
INPEX CORPORATION,1605,1605.T,Energy,Japan,JPX,2377834823680.0
KYOCERA CORP,6971,6971.T,Industrials,Japan,JPX,2375856685056.0
SECOM CO,9735,9735.T,Industrials,Japan,JPX,2140115173376.0
KONAMI GROUP CORPORATION,9766,9766.T,Communication Services,Japan,JPX,2322769117184.0
OLYMPUS CORPORATION,7733,7733.T,Healthcare,Japan,JPX,2252700647424.0
SEKISUI HOUSE,1928,1928.T,Consumer Cyclical,Japan,JPX,2147786686464.0
KUBOTA CORP,6326,6326.T,Industrials,Japan,JPX,2145373913088.0
SUMITOMO ELECTRIC INDUSTRIES,5802,5802.T,Consumer Cyclical,Japan,JPX,2070533636096.0
NITTO DENKO CORP,6988,6988.T,Basic Materials,Japan,JPX,2036072710144.0
SUBARU CORPORATION,7270,7270.T,Consumer Cyclical,Japan,JPX,2054571032576.0
MITSUI O.S.K. LINES LTD,9104,9104.T,Industrials,Japan,JPX,1928022196224.0
SHIONOGI & CO,4507,4507.T,Healthcare,Japan,JPX,1889798979584.0
KANSAI ELECTRIC POWER CO INC,9503,9503.T,Utilities,Japan,JPX,2060435587072.0
RAKUTEN GROUP INC,4755,4755.T,Consumer Cyclical,Japan,JPX,1935369437184.0
TOKYO GAS CO,9531,9531.T,Utilities,Japan,JPX,1773260636160.0
NITORI HOLDINGS CO LTD,9843,9843.T,Consumer Cyclical,Japan,JPX,1698005254144.0
JAPAN EXCHANGE GROUP,8697,8697.T,Financial Services,Japan,JPX,1671434731520.0
KIRIN HOLDINGS COMPANY LIMITED,2503,2503.T,Consumer Defensive,Japan,JPX,1651982729216.0
TORAY INDUSTRIES INC,3402,3402.T,Consumer Cyclical,Japan,JPX,1637632049152.0
NEXON CO LTD,3659,3659.T,Communication Services,Japan,JPX,1630602788864.0
IHI CORPORATION,7013,7013.T,Industrials,Japan,JPX,1630925488128.0
FUJIKURA,5803,5803.T,Industrials,Japan,JPX,1713890787328.0
IDEMITSU KOSAN CO.LTD,5019,5019.T,Energy,Japan,JPX,1442077736960.0
T&D HOLDINGS INC,8795,8795.T,Financial Services,Japan,JPX,1607920123904.0
KAWASAKI HEAVY INDUSTRIES,7012,7012.T,Industrials,Japan,JPX,1535488294912.0
NISSAN MOTOR CO,7201,7201.T,Consumer Cyclical,Japan,JPX,1507975102464.0
KAJIMA CORP,1812,1812.T,Industrials,Japan,JPX,1401404915712.0
ASAHI KASEI CORP,3407,3407.T,Basic Materials,Japan,JPX,1417562161152.0
WEST JAPAN RAILWAY CO,9021,9021.T,Industrials,Japan,JPX,1418029694976.0
OBAYASHI CORP,1802,1802.T,Industrials,Japan,JPX,1426125750272.0
KIKKOMAN CORP,2801,2801.T,Consumer Defensive,Japan,JPX,1376101072896.0
ISUZU MOTORS,7202,7202.T,Consumer Cyclical,Japan,JPX,1390009253888.0
DAIWA SECURITIES GROUP,8601,8601.T,Financial Services,Japan,JPX,1465095421952.0
KAWASAKI KISEN KAISHA,9107,9107.T,Industrials,Japan,JPX,1370702217216.0
OSAKA GAS CO,9532,9532.T,Utilities,Japan,JPX,1344060915712.0
ANA HOLDINGS INC,9202,9202.T,Industrials,Japan,JPX,1334304440320.0
ZOZO INC,3092,3092.T,Consumer Cyclical,Japan,JPX,1327681241088.0
TREND MICRO INC,4704,4704.T,Technology,Japan,JPX,1307718057984.0
LASERTEC CORP,6920,6920.T,Technology,Japan,JPX,1308662693888.0
TOPPAN HOLDINGS INC,7911,7911.T,Industrials,Japan,JPX,1246326554624.0
CHUBU ELECTRIC POWER CO INC,9502,9502.T,Utilities,Japan,JPX,1267650265088.0
TOHO CO LTD,9602,9602.T,Communication Services,Japan,JPX,1182153572352.0
TAISEI CORP,1801,1801.T,Industrials,Japan,JPX,1169283088384.0
EISAI CO LTD,4523,4523.T,Healthcare,Japan,JPX,1204511703040.0
JFE HOLDINGS INC,5411,5411.T,Basic Materials,Japan,JPX,1241955958784.0
M3 INC,2413,2413.T,Healthcare,Japan,JPX,1191702953984.0
DAI NIPPON PRINTING CO,7912,7912.T,Industrials,Japan,JPX,991345180672.0
KYOWA KIRIN CO LTD,4151,4151.T,Healthcare,Japan,JPX,1139897663488.0
YAMAHA MOTOR CO,7272,7272.T,Consumer Cyclical,Japan,JPX,1170632867840.0
JAPAN AIRLINES CO LTD,9201,9201.T,Industrials,Japan,JPX,1127844937728.0
MITSUBISHI CHEMICAL GROUP CORP,4188,4188.T,Basic Materials,Japan,JPX,1104229957632.0
CONCORDIA FINANCIAL GROUP LTD,7186,7186.T,Financial Services,Japan,JPX,1107816087552.0
EBARA CORP,6361,6361.T,Industrials,Japan,JPX,1101205340160.0
SHISEIDO COMPANY LIMITED,4911,4911.T,Consumer Defensive,Japan,JPX,1134361313280.0
SCREEN HOLDINGS CO LTD,7735,7735.T,Technology,Japan,JPX,1060157521920.0
TOKYU CORP,9005,9005.T,Consumer Cyclical,Japan,JPX,1002500784128.0
YASKAWA ELECTRIC CORP,6506,6506.T,Industrials,Japan,JPX,1047283564544.0
CHIBA BANK,8331,8331.T,Financial Services,Japan,JPX,1002017980416.0
RYOHIN KEIKAKU CO,7453,7453.T,Consumer Cyclical,Japan,JPX,1033542959104.0
AGC INC,5201,5201.T,Industrials,Japan,JPX,983271669760.0
FUJI ELECTRIC CO. LTD.,6504,6504.T,Industrials,Japan,JPX,928810467328.0
RICOH CO,7752,7752.T,Industrials,Japan,JPX,924053405696.0
MINEBEA MITSUMI INC,6479,6479.T,Technology,Japan,JPX,898147024896.0
MEIJI HOLDINGS CO LTD,2269,2269.T,Consumer Defensive,Japan,JPX,893943611392.0
SHIMIZU CORP,1803,1803.T,Industrials,Japan,JPX,932073242624.0
OMRON CORP,6645,6645.T,Technology,Japan,JPX,883275464704.0
SHIZUOKA FINANCIAL GROUP INC.,5831,5831.T,Financial Services,Japan,JPX,870616989696.0
DENTSU GROUP INC,4324,4324.T,Communication Services,Japan,JPX,869562908672.0
SUMITOMO METAL MINING CO,5713,5713.T,Basic Materials,Japan,JPX,905919135744.0
HITACHI CONSTRUCTION MACHINERY,6305,6305.T,Industrials,Japan,JPX,850177884160.0
SEIKO EPSON CORP,6724,6724.T,Technology,Japan,JPX,789808152576.0
ISETAN MITSUKOSHI HOLDINGS LTD,3099,3099.T,Consumer Cyclical,Japan,JPX,830033559552.0
YOKOGAWA ELECTRIC CORP,6841,6841.T,Industrials,Japan,JPX,777004974080.0
KEISEI ELECTRIC RAILWAY CO,9009,9009.T,Industrials,Japan,JPX,721846206464.0
FUKUOKA FINANCIAL GROUP INC.,8354,8354.T,Financial Services,Japan,JPX,736994852864.0
KOBE STEEL,5406,5406.T,Basic Materials,Japan,JPX,721451286528.0
NIPPON EXPRESS HLDGS INC,9147,9147.T,Industrials,Japan,JPX,706133688320.0
TOKYU FUDOSAN HOLDINGS CORPORAT,3289,3289.T,Real Estate,Japan,JPX,692824440832.0
TOTO LTD,5332,5332.T,Industrials,Japan,JPX,687781380096.0
SOJITZ CORPORATION,2768,2768.T,Industrials,Japan,JPX,703084560384.0
YAMATO HOLDINGS CO LTD,9064,9064.T,Industrials,Japan,JPX,644769054720.0
TOKYO ELEC POWER CO HLDGS INC,9501,9501.T,Utilities,Japan,JPX,696744607744.0
TOSOH CORP,4042,4042.T,Basic Materials,Japan,JPX,663456382976.0
MITSUI CHEMICALS INC,4183,4183.T,Basic Materials,Japan,JPX,645580521472.0
MAZDA MOTOR CORP,7261,7261.T,Consumer Cyclical,Japan,JPX,650836377600.0
RESONAC HOLDINGS CORPORATION,4004,4004.T,Basic Materials,Japan,JPX,634525450240.0
MITSUBISHI MOTOR CORP,7211,7211.T,Consumer Cyclical,Japan,JPX,580493770752.0
SHARP CORP,6753,6753.T,Technology,Japan,JPX,623327969280.0
OJI HOLDINGS CORP,3861,3861.T,Basic Materials,Japan,JPX,604517302272.0
NISSAN CHEMICAL CORPORATION,4021,4021.T,Basic Materials,Japan,JPX,619535400960.0
KURARAY CO,3405,3405.T,Basic Materials,Japan,JPX,624091725824.0
SAPPORO HOLDINGS LIMITED,2501,2501.T,Consumer Defensive,Japan,JPX,607022481408.0
YAMAHA CORP,7951,7951.T,Consumer Cyclical,Japan,JPX,559537848320.0
SUMITOMO CHEMICAL COMPANY,4005,4005.T,Basic Materials,Japan,JPX,597395505152.0
CYBER AGENT,4751,4751.T,Communication Services,Japan,JPX,583659421696.0
YOKOHAMA RUBBER CO,5101,5101.T,Consumer Cyclical,Japan,JPX,546046115840.0
CREDIT SAISON CO,8253,8253.T,Financial Services,Japan,JPX,545045807104.0
ODAKYU ELECTRIC RAILWAY CO,9007,9007.T,Industrials,Japan,JPX,526455898112.0
TOBU RAILWAY CO,9001,9001.T,Industrials,Japan,JPX,535987781632.0
NGK INSULATORS,5333,5333.T,Industrials,Japan,JPX,559508750336.0
NIKON CORP,7731,7731.T,Consumer Cyclical,Japan,JPX,544127123456.0
HASEKO CORPORATION,1808,1808.T,Consumer Cyclical,Japan,JPX,525609697280.0
TOKYO TATEMONO CO,8804,8804.T,Real Estate,Japan,JPX,497440686080.0
NISSHIN SEIFUN GROUP INC,2002,2002.T,Consumer Defensive,Japan,JPX,502955638784.0
MARUI GROUP CO LTD,8252,8252.T,Financial Services,Japan,JPX,482702983168.0
J FRONT RETAILING CO LTD,3086,3086.T,Consumer Cyclical,Japan,JPX,487316422656.0
AMADA CO LTD,6113,6113.T,Industrials,Japan,JPX,478995644416.0
KEIO CORPORATION,9008,9008.T,Industrials,Japan,JPX,464594010112.0
NH FOODS LTD,2282,2282.T,Consumer Defensive,Japan,JPX,471936827392.0
NICHIREI CORP,2871,2871.T,Consumer Defensive,Japan,JPX,453019697152.0
TAIHEIYO CEMENT CORP,5233,5233.T,Basic Materials,Japan,JPX,440175624192.0
JAPAN STEEL WORKS,5631,5631.T,Industrials,Japan,JPX,438754639872.0
SUMCO CORPORATION,3436,3436.T,Technology,Japan,JPX,416502218752.0
MERCARI INC,4385,4385.T,Consumer Cyclical,Japan,JPX,403426082816.0
FURUKAWA ELECTRIC CO,5801,5801.T,Industrials,Japan,JPX,411917025280.0
SUMITOMO HEAVY INDUSTRIES,6302,6302.T,Industrials,Japan,JPX,384335642624.0
JTEKT CORPORATION,6473,6473.T,Consumer Cyclical,Japan,JPX,390376095744.0
MITSUBISHI LOGISTICS CORP,9301,9301.T,Industrials,Japan,JPX,356373299200.0
COMSYS HOLDINGS CORP,1721,1721.T,Industrials,Japan,JPX,379998601216.0
DENA CO LTD,2432,2432.T,Industrials,Japan,JPX,375087431680.0
TAKASHIMAYA CO,8233,8233.T,Consumer Cyclical,Japan,JPX,374344351744.0
SOCIONEXT INC,6526,6526.T,Industrials,Japan,JPX,361090383872.0
MITSUBISHI MATERIALS CORP,5711,5711.T,Basic Materials,Japan,JPX,332333711360.0
ALPS ALPINE CO LTD,6770,6770.T,Technology,Japan,JPX,320201719808.0
TAIYO YUDEN CO LTD,6976,6976.T,Technology,Japan,JPX,308901281792.0
NSK,6471,6471.T,Consumer Cyclical,Japan,JPX,319181160448.0
AOZORA BANK,8304,8304.T,Financial Services,Japan,JPX,298626187264.0
JGC HOLDINGS CORPORATION,1963,1963.T,Industrials,Japan,JPX,288563527680.0
NIPPON ELECTRIC GLASS,5214,5214.T,Technology,Japan,JPX,284926083072.0
DOWA HOLDINGS,5714,5714.T,Basic Materials,Japan,JPX,284109701120.0
CASIO COMPUTER CO,6952,6952.T,Technology,Japan,JPX,282094141440.0
SUMITOMO PHARMA CO LTD,4506,4506.T,Healthcare,Japan,JPX,282473168896.0
NISSUI CORPORATION,1332,1332.T,Consumer Defensive,Japan,JPX,275296813056.0
HINO MOTORS,7205,7205.T,Industrials,Japan,JPX,272212148224.0
TEIJIN LTD,3401,3401.T,Industrials,Japan,JPX,262810058752.0
KONICA MINOLTA INC,4902,4902.T,Industrials,Japan,JPX,261659738112.0
MITSUI MINING & SMELTING CO,5706,5706.T,Industrials,Japan,JPX,253433282560.0
GS YUASA CORP,6674,6674.T,Consumer Cyclical,Japan,JPX,250755006464.0
CITIZEN WATCH CO LTD,7762,7762.T,Consumer Cyclical,Japan,JPX,226798157824.0
OKUMA CORPORATION,6103,6103.T,Industrials,Japan,JPX,217201098752.0
UBE CORPORATION,4208,4208.T,Basic Materials,Japan,JPX,222748540928.0
TOKAI CARBON CO,5301,5301.T,Basic Materials,Japan,JPX,207602483200.0
TOKUYAMA CORP,4043,4043.T,Basic Materials,Japan,JPX,208064364544.0
DENKA COMPANY LIMITED,4061,4061.T,Basic Materials,Japan,JPX,189587193856.0
KANADEVIA CORPORATION,7004,7004.T,Industrials,Japan,JPX,162470559744.0
NTN CORP,6472,6472.T,Industrials,Japan,JPX,131985899520.0
SAP SE                        I,SAP,SAP.DE,Technology,Germany,GER,277765062656.0
SIEMENS AG                    N,SIE,SIE.DE,Industrials,Germany,GER,178181865472.0
Allianz SE                    v,ALV,ALV.DE,Financial Services,Germany,GER,135727718400.0
Airbus SE                     A,AIR,AIR.DE,Industrials,Netherlands,GER,130179883008.0
MUENCHENER RUECKVERS.-GES. AG V,MUV2,MUV2.DE,Financial Services,Germany,GER,76992249856.0
Mercedes-Benz Group AG        N,MBG,MBG.DE,Consumer Cyclical,Germany,GER,57995706368.0
Siemens Healthineers AG       N,SHL,SHL.DE,Healthcare,Germany,GER,59611254784.0
RHEINMETALL AG                I,RHM,RHM.DE,Industrials,Germany,GER,58960965632.0
VOLKSWAGEN AG                 V,VOW3,VOW3.DE,Consumer Cyclical,Germany,GER,55349153792.0
BAYERISCHE MOTOREN WERKE AG   S,BMW,BMW.DE,Consumer Cyclical,Germany,GER,51076222976.0
Dr. Ing. h.c. F. Porsche AG   I,P911,P911.DE,Consumer Cyclical,Germany,GER,50009669632.0
DEUTSCHE POST AG              N,DHL,DHL.DE,Industrials,Germany,GER,49135513600.0
DEUTSCHE BOERSE AG            N,DB1,DB1.DE,Financial Services,Germany,GER,48953896960.0
BASF SE                       N,BAS,BAS.DE,Basic Materials,Germany,GER,46884179968.0
Siemens Energy AG             N,ENR,ENR.DE,Industrials,Germany,GER,45610057728.0
INFINEON TECHNOLOGIES AG      N,IFX,IFX.DE,Technology,Germany,GER,44340334592.0
DEUTSCHE BANK AG              N,DBK,DBK.DE,Financial Services,Germany,GER,41706373120.0
adidas AG                     N,ADS,ADS.DE,Consumer Cyclical,Germany,GER,40477057024.0
E.ON SE                       N,EOAN,EOAN.DE,Utilities,Germany,GER,34192152576.0
HANNOVER RUECK SE NA O.N.,HNR1,HNR1.DE,Financial Services,Germany,GER,32766205952.0
Daimler Truck Holding AG      N,DTG,DTG.DE,Industrials,Germany,GER,32955426816.0
BEIERSDORF AG                 I,BEI,BEI.DE,Consumer Defensive,Germany,GER,30089248768.0
Heidelberg Materials AG       I,HEI,HEI.DE,Basic Materials,Germany,GER,30891894784.0
Henkel AG & Co. KGaA          I,HEN3,HEN3.DE,Consumer Defensive,Germany,GER,29603647488.0
Commerzbank AG                I,CBK,CBK.DE,Financial Services,Germany,GER,27993749504.0
RWE AG                        I,RWE,RWE.DE,Utilities,Germany,GER,24115324928.0
Bayer AG                      N,BAYN,BAYN.DE,Healthcare,Germany,GER,23013281792.0
Fresenius SE & Co. KGaA       I,FRE,FRE.DE,Healthcare,Germany,GER,22011301888.0
Vonovia SE                    N,VNA,VNA.DE,Real Estate,Germany,GER,21608120320.0
MTU Aero Engines AG           N,MTX,MTX.DE,Industrials,Germany,GER,17647609856.0
SARTORIUS AG                  V,SRT3,SRT3.DE,Healthcare,Germany,GER,14830809088.0
CONTINENTAL AG                I,CON,CON.DE,Consumer Cyclical,Germany,GER,13804413952.0
Symrise AG                    I,SY1,SY1.DE,Basic Materials,Germany,GER,13155341312.0
Fresenius Medical Care AG     I,FME,FME.DE,Healthcare,Germany,GER,12854423552.0
Porsche Automobil Holding SE  I,PAH3,PAH3.DE,Consumer Cyclical,Germany,GER,11911049216.0
Brenntag SE                   N,BNR,BNR.DE,Basic Materials,Germany,GER,9426872320.0
Zalando SE                    I,ZAL,ZAL.DE,Consumer Cyclical,Germany,GER,8082032640.0
Qiagen N.V.                   A,QIA,QIA.DE,Healthcare,Netherlands,GER,7759609344.0
KPN KON,KPN,KPN.AS,Communication Services,Netherlands,AMS,14696266752.0
ASR NEDERLAND,ASRNL,ASRNL.AS,Financial Services,Netherlands,AMS,10912935936.0
RELX,REN,REN.AS,Industrials,United Kingdom,AMS,81949188096.0
WOLTERS KLUWER,WKL,WKL.AS,Industrials,Netherlands,AMS,33114413056.0
UNILEVER PLC,UNA,UNA.AS,Consumer Defensive,United Kingdom,AMS,134495215616.0
JUST EAT TAKEAWAY.COM N.V.,TKWY,TKWY.AS,Consumer Cyclical,Netherlands,AMS,3852067584.0
IMCD,IMCD,IMCD.AS,Basic Materials,Netherlands,AMS,7779906560.0
GALAPAGOS,GLPG,GLPG.AS,Healthcare,Belgium,AMS,1613352832.0
NN GROUP,NN,NN.AS,Financial Services,Netherlands,AMS,13213617152.0
KONINKLIJKE AHOLD DELHAIZE N.V.,AD,AD.AS,Consumer Defensive,Netherlands,AMS,31244572672.0
ADYEN,ADYEN,ADYEN.AS,Technology,Netherlands,AMS,48387715072.0
ING GROEP N.V.,INGA,INGA.AS,Financial Services,Netherlands,AMS,56537063424.0
AKZO NOBEL,AKZA,AKZA.AS,Basic Materials,Netherlands,AMS,10656600064.0
AEGON,AGN,AGN.AS,Financial Services,Netherlands,AMS,9499293696.0
ABN AMRO BANK N.V.,ABN,ABN.AS,Financial Services,Netherlands,AMS,16167136256.0
KON.PHILIPS N.V.,PHIA,PHIA.AS,Healthcare,Netherlands,AMS,22981263360.0
HEINEKEN,HEIA,HEIA.AS,Consumer Defensive,Netherlands,AMS,45060591616.0
ASM International N.V.,ASM,ASM.AS,Technology,Netherlands,AMS,22152656896.0
ARCELORMITTAL SA,MT,MT.AS,Basic Materials,Luxembourg,AMS,22318606336.0
PROSUS,PRX,PRX.AS,Communication Services,Netherlands,AMS,100736196608.0
Randstad N.V.,RAND,RAND.AS,Industrials,Netherlands,AMS,7553020416.0
LVMH,MC,MC.PA,Consumer Cyclical,France,PAR,308925956096.0
HERMES INTL,RMS,RMS.PA,Consumer Cyclical,France,PAR,266755997696.0
L'OREAL,OR,OR.PA,Consumer Defensive,France,PAR,195852058624.0
INDUSTRIA DE DISE...O TEXTIL S.,ITX,ITX.MC,Consumer Cyclical,Spain,MCE,139434409984.0
SCHNEIDER ELECTRIC SE,SU,SU.PA,Industrials,France,PAR,128485318656.0
SANOFI,SAN,SAN.PA,Healthcare,France,PAR,133507334144.0
TOTALENERGIES,TTE,TTE.PA,Energy,France,PAR,127602343936.0
SAFRAN,SAF,SAF.PA,Industrials,France,PAR,104995422208.0
AIR LIQUIDE,AI,AI.PA,Basic Materials,France,PAR,104534147072.0
AB INBEV,ABI,ABI.BR,Consumer Defensive,Belgium,BRU,112959143936.0
ACCIONES IBERDROLA,IBE,IBE.MC,Utilities,Spain,MCE,87294533632.0
AXA,CS,CS.PA,Financial Services,France,PAR,85865611264.0
INTESA SANPAOLO,ISP,ISP.MI,Financial Services,Italy,MIL,85794570240.0
FERRARI,RACE,RACE.MI,Consumer Cyclical,Italy,MIL,75030929408.0
BNP PARIBAS ACT.A,BNP,BNP.PA,Financial Services,France,PAR,85081202688.0
UNICREDIT,UCG,UCG.MI,Financial Services,Italy,MIL,81745805312.0
ENEL,ENEL,ENEL.MI,Utilities,Italy,MIL,71285293056.0
BANCO BILBAO VIZCAYA ARGENTARIA,BBVA,BBVA.MC,Financial Services,Spain,MCE,74979966976.0
SAINT GOBAIN,SGO,SGO.PA,Industrials,France,PAR,50580234240.0
DANONE,BN,BN.PA,Consumer Defensive,France,PAR,46482370560.0
ENI,ENI,ENI.MI,Energy,Italy,MIL,41660026880.0
Nordea Bank Abp,NDA-SE,NDA-SE.ST,Financial Services,Finland,STO,501197111296.0
STELLANTIS NV,STLAP,STLAP.PA,Consumer Cyclical,Netherlands,PAR,32693977088.0
KERING,KER,KER.PA,Consumer Cyclical,France,PAR,27616100352.0
PERNOD RICARD,RI,RI.PA,Consumer Defensive,France,PAR,25237342208.0
Nokia Corporation,NOKIA,NOKIA.HE,Technology,Finland,HEL,26486927360.0
"CAIXABANK, S.A.",CABK,CABK.MC,Financial Services,Spain,MCE,49446490112.0
"AENA, S.M.E., S.A.",AENA,AENA.MC,Industrials,Spain,MCE,32190001152.0
"AMADEUS IT GROUP, S.A.",AMS,AMS.MC,Technology,Spain,MCE,30174922752.0
FERROVIAL SE,FER,FER.MC,Industrials,Netherlands,MCE,28528730112.0
"TELEFONICA,S.A.",TEF,TEF.MC,Communication Services,Spain,MCE,24892551168.0
"NATURGY ENERGY GROUP, S.A.",NTGY,NTGY.MC,Utilities,Spain,MCE,24152852480.0
ARCELORMITTAL SA,MTS,MTS.MC,Basic Materials,Luxembourg,MCE,22272491520.0
"ENDESA,S.A.",ELE,ELE.MC,Utilities,Spain,MCE,23298686976.0
"CELLNEX TELECOM, S.A.",CLNX,CLNX.MC,Real Estate,Spain,MCE,22946895872.0
INTL CONSOLIDATED AIRLINES GROU,IAG,IAG.MC,Industrials,United Kingdom,MCE,15890861056.0
BANCO DE SABADELL,SAB,SAB.MC,Financial Services,Spain,MCE,14492886016.0
"ACS,ACTIVIDADES DE CONSTRUCCION",ACS,ACS.MC,Industrials,Spain,MCE,13429866496.0
"REPSOL,  S.A.",REP,REP.MC,Energy,Spain,MCE,13333315584.0
Non disponible,PUIG.MC,PUIG.MC,Non disponible,Non disponible,Non disponible,
"REDEIA CORPORACION, S.A.",RED,RED.MC,Utilities,Spain,MCE,9527392256.0
"BANKINTER, S.A.",BKT,BKT.MC,Financial Services,Spain,MCE,9193464832.0
"MAPFRE, S.A.",MAP,MAP.MC,Financial Services,Spain,MCE,8582445568.0
"ACCIONA, S.A.",ANA,ANA.MC,Industrials,Spain,MCE,6543796224.0
CORPORACI...N ACCIONA ENERG...A,ANE,ANE.MC,Utilities,Spain,MCE,5724294656.0
GRIFOLS S.A.,GRF,GRF.MC,Healthcare,Spain,MCE,5816528896.0
"MERLIN PROPERTIES SOCIMI, S.A.",MRL,MRL.MC,Real Estate,Spain,MCE,5441316864.0
"INDRA SISTEMAS S.A., SERIE A",IDR,IDR.MC,Technology,Spain,MCE,4457971200.0
"UNICAJA BANCO, S.A.",UNI,UNI.MC,Financial Services,Spain,MCE,4424300032.0
"FLUIDRA, S.A.",FDR,FDR.MC,Industrials,Spain,MCE,4180012544.0
COMPA...IA DE DISTRIBUCION INTE,LOG,LOG.MC,Industrials,Spain,MCE,3640053760.0
"ENAGAS,S.A.",ENG,ENG.MC,Utilities,Spain,MCE,3351745792.0
"INMOBILIARIA COLONIAL, SOCIMI S",COL,COL.MC,Real Estate,Spain,MCE,3290684928.0
LABORATORIOS FARMACEUTICOS ROVI,ROVI,ROVI.MC,Healthcare,Spain,MCE,2662331392.0
"ACERINOX, S.A.",ACX,ACX.MC,Basic Materials,Spain,MCE,2793857024.0
"SACYR, S.A.",SCYR,SCYR.MC,Industrials,Spain,MCE,2546071808.0
SOLARIA ENERGIA Y MEDIO AMBIENT,SLR,SLR.MC,Utilities,Spain,MCE,919639360.0
COFINIMMO,COFB,COFB.BR,Real Estate,Belgium,BRU,2341793792.0
ARGENX SE,ARGX,ARGX.BR,Healthcare,Netherlands,BRU,32822638592.0
ACKERMANS V.HAAREN,ACKB,ACKB.BR,Industrials,Belgium,BRU,6408990720.0
SOLVAY,SOLB,SOLB.BR,Basic Materials,Belgium,BRU,3607098368.0
PROXIMUS,PROX,PROX.BR,Communication Services,Belgium,BRU,2180938240.0
AEDIFICA,AED,AED.BR,Real Estate,Belgium,BRU,2957172224.0
AGEAS,AGS,AGS.BR,Financial Services,Belgium,BRU,9870989312.0
WAREHOUSES DE PAUW,WDP,WDP.BR,Real Estate,Belgium,BRU,4914480640.0
UMICORE,UMI,UMI.BR,Industrials,Belgium,BRU,2133066368.0
GBL,GBLB,GBLB.BR,Financial Services,Belgium,BRU,8362183168.0
KBC,KBC,KBC.BR,Financial Services,Belgium,BRU,33853515776.0
Colruyt Group N.V.,COLR,COLR.BR,Consumer Defensive,Belgium,BRU,4709817856.0
SOFINA,SOF,SOF.BR,Financial Services,Belgium,BRU,7653965824.0
UCB,UCB,UCB.BR,Healthcare,Belgium,BRU,34016694272.0
BARCO,BAR,BAR.BR,Technology,Belgium,BRU,1077399168.0
APERAM,APAM,APAM.AS,Basic Materials,Luxembourg,AMS,2322089216.0
Neste Corporation,NESTE,NESTE.HE,Energy,Finland,HEL,6791029760.0
TietoEVRY Corporation,TIETO,TIETO.HE,Technology,Finland,HEL,2301928960.0
Kojamo Plc,KOJAMO,KOJAMO.HE,Real Estate,Finland,HEL,2045116544.0
KONE Corporation,KNEBV,KNEBV.HE,Industrials,Finland,HEL,27610802176.0
UPM-Kymmene Corporation,UPM,UPM.HE,Basic Materials,Finland,HEL,14465501184.0
Huhtamäki Oyj,HUH1V,HUH1V.HE,Consumer Cyclical,Finland,HEL,3656158976.0
Elisa Corporation,ELISA,ELISA.HE,Communication Services,Finland,HEL,7446184960.0
Sampo Plc A,SAMPO,SAMPO.HE,Financial Services,Finland,HEL,23284609024.0
Qt Group Oyj,QTCOM,QTCOM.HE,Technology,Finland,HEL,2010982912.0
Stora Enso Oyj R,STERV,STERV.HE,Basic Materials,Finland,HEL,7728288768.0
Metsä Board Oyj B,METSB,METSB.HE,Consumer Cyclical,Finland,HEL,1434352384.0
Orion Corporation B,ORNBV,ORNBV.HE,Healthcare,Finland,HEL,7721614336.0
Wärtsilä Corporation,WRT1V,WRT1V.HE,Industrials,Finland,HEL,10406510592.0
Fortum Corporation,FORTUM,FORTUM.HE,Utilities,Finland,HEL,13871700992.0
Nokian Tyres Plc,TYRES,TYRES.HE,Consumer Cyclical,Finland,HEL,908011840.0
Mandatum Oyj,MANTA,MANTA.HE,Financial Services,Finland,HEL,2761817344.0
Kesko Corporation B,KESKOB,KESKOB.HE,Consumer Defensive,Finland,HEL,7496797696.0
Nordea Bank Abp,NDA-FI,NDA-FI.HE,Financial Services,Finland,HEL,45642833920.0
Metso Oyj,METSO,METSO.HE,Industrials,Finland,HEL,9071903744.0
Cargotec Oyj,CGCBV,CGCBV.HE,Industrials,Finland,HEL,2893821440.0
Kemira Oyj,KEMIRA,KEMIRA.HE,Basic Materials,Finland,HEL,3406813952.0
Konecranes Plc,KCR,KCR.HE,Industrials,Finland,HEL,5426179584.0
Valmet Corporation,VALMT,VALMT.HE,Industrials,Finland,HEL,5092663296.0
Outokumpu Oyj,OUT1V,OUT1V.HE,Basic Materials,Finland,HEL,1590014080.0
DASSAULT SYSTEMES,DSY,DSY.PA,Technology,France,PAR,50690007040.0
THALES,HO,HO.PA,Industrials,France,PAR,50911379456.0
CREDIT AGRICOLE,ACA,ACA.PA,Financial Services,France,PAR,49512767488.0
ENGIE,ENGI,ENGI.PA,Utilities,France,PAR,41880915968.0
ORANGE,ORA,ORA.PA,Communication Services,France,PAR,31485450240.0
SOCIETE GENERALE,GLE,GLE.PA,Financial Services,France,PAR,31977697280.0
LEGRAND,LR,LR.PA,Industrials,France,PAR,27790659584.0
CAPGEMINI,CAP,CAP.PA,Technology,France,PAR,25006327808.0
MICHELIN,ML,ML.PA,Non disponible,Non disponible,PAR,24238002176.0
PUBLICIS GROUPE SA,PUB,PUB.PA,Communication Services,France,PAR,23356088320.0
VEOLIA ENVIRON.,VIE,VIE.PA,Industrials,France,PAR,22286254080.0
STMICROELECTRONICS,STMPA,STMPA.PA,Technology,Netherlands,PAR,20509710336.0
RENAULT,RNO,RNO.PA,Consumer Cyclical,France,PAR,14044549120.0
BOUYGUES,EN,EN.PA,Industrials,France,PAR,13388268544.0
BUREAU VERITAS,BVI,BVI.PA,Industrials,France,PAR,12758284288.0
UNIBAIL-RODAMCO-WESTFIELD,URW,URW.PA,Real Estate,France,PAR,10865858560.0
ACCOR,AC,AC.PA,Consumer Cyclical,France,PAR,11042296832.0
EUROFINS SCIENT.,ERF,ERF.PA,Healthcare,Luxembourg,PAR,9262397440.0
CARREFOUR,CA,CA.PA,Consumer Defensive,France,PAR,8508631040.0
EDENRED,EDEN,EDEN.PA,Financial Services,France,PAR,7787793920.0
TELEPERFORMANCE,TEP,TEP.PA,Industrials,France,PAR,5773366272.0
Evolution AB,EVO,EVO.ST,Consumer Cyclical,Sweden,STO,163545055232.0
Atlas Copco AB ser. A,ATCO-A,ATCO-A.ST,Industrials,Sweden,STO,825844760576.0
Essity AB ser. B,ESSITY-B,ESSITY-B.ST,Consumer Defensive,Sweden,STO,208072671232.0
Sinch AB,SINCH,SINCH.ST,Communication Services,Sweden,STO,18825154560.0
ASSA ABLOY AB ser. B,ASSA-B,ASSA-B.ST,Industrials,Sweden,STO,355005300736.0
Telia Company AB,TELIA,TELIA.ST,Communication Services,Sweden,STO,141909852160.0
Alfa Laval AB,ALFA,ALFA.ST,Industrials,Sweden,STO,188641984512.0
ABB Ltd,ABB,ABB.ST,Industrials,Switzerland,STO,1025269497856.0
Skandinaviska Enskilda Banken s,SEB-A,SEB-A.ST,Financial Services,Sweden,STO,348297756672.0
Svenska Cellulosa AB SCA ser. B,SCA-B,SCA-B.ST,Basic Materials,Sweden,STO,101118492672.0
Atlas Copco AB ser. B,ATCO-B,ATCO-B.ST,Industrials,Sweden,STO,830130421760.0
Swedbank AB ser A,SWED-A,SWED-A.ST,Financial Services,Sweden,STO,294354649088.0
Tele2 AB ser. B,TEL2-B,TEL2-B.ST,Communication Services,Sweden,STO,90140704768.0
Svenska Handelsbanken ser. A,SHB-A,SHB-A.ST,Financial Services,Sweden,STO,264386035712.0
"Hennes & Mauritz AB, H & M ser.",HM-B,HM-B.ST,Consumer Cyclical,Sweden,STO,216766611456.0
Hexagon AB ser. B,HEXA-B,HEXA-B.ST,Technology,Sweden,STO,310582738944.0
"SKF, AB ser. B",SKF-B,SKF-B.ST,Industrials,Sweden,STO,105049309184.0
"Volvo, AB ser. B",VOLV-B,VOLV-B.ST,Industrials,Sweden,STO,637689921536.0
Boliden AB,BOL,BOL.ST,Basic Materials,Sweden,STO,99324674048.0
Investor AB ser. B,INVE-B,INVE-B.ST,Financial Services,Sweden,STO,943226683392.0
"Ericsson, Telefonab. L M ser. B",ERIC-B,ERIC-B.ST,Technology,Sweden,STO,275459768320.0
Sandvik AB,SAND,SAND.ST,Industrials,Sweden,STO,292021993472.0
Kinnevik AB ser. B,KINV-B,KINV-B.ST,Financial Services,Sweden,STO,21212383232.0
"Electrolux, AB ser. B",ELUX-B,ELUX-B.ST,Consumer Cyclical,Sweden,STO,24699850752.0
NIBE Industrier AB ser. B,NIBE-B,NIBE-B.ST,Industrials,Sweden,STO,90178813952.0
Getinge AB ser. B,GETI-B,GETI-B.ST,Healthcare,Sweden,STO,60874690560.0
Samhällsbyggnadsbo. i Norden A,SBB-B,SBB-B.ST,Real Estate,Sweden,STO,6003506176.0
SAAB AB ser. B,SAAB-B,SAAB-B.ST,Industrials,Sweden,STO,209976737792.0
GENERALI,G,G.MI,Financial Services,Italy,MIL,48028143616.0
STELLANTIS,STLAM,STLAM.MI,Consumer Cyclical,Netherlands,MIL,32634691584.0
LEONARDO,LDO,LDO.MI,Industrials,Italy,MIL,26573744128.0
POSTE ITALIANE,PST,PST.MI,Industrials,Italy,MIL,21179983872.0
TENARIS,TEN,TEN.MI,Energy,Luxembourg,MIL,18663346176.0
STMICROELECTRONICS,STMMI,STMMI.MI,Technology,Netherlands,MIL,20495796224.0
MONCLER,MONC,MONC.MI,Consumer Cyclical,Italy,MIL,17207042048.0
PRYSMIAN,PRY,PRY.MI,Industrials,Italy,MIL,16332368896.0
TERNA,TRN,TRN.MI,Utilities,Italy,MIL,15810030592.0
SNAM,SRG,SRG.MI,Utilities,Italy,MIL,15319289856.0
BANCO BPM,BAMI,BAMI.MI,Financial Services,Italy,MIL,14810354688.0
MEDIOBANCA,MB,MB.MI,Financial Services,Italy,MIL,14188162048.0
FINECOBANK,FBK,FBK.MI,Financial Services,Italy,MIL,11500247040.0
RECORDATI ORD,REC,REC.MI,Healthcare,Italy,MIL,10855429120.0
BPER BANCA,BPE,BPE.MI,Financial Services,Italy,MIL,10495098880.0
BANCA MEDIOLANUM,BMED,BMED.MI,Financial Services,Italy,MIL,10258118656.0
BUZZI,BZU,BZU.MI,Basic Materials,Italy,MIL,9500161024.0
BANCA MONTE PASCHI SIENA,BMPS,BMPS.MI,Financial Services,Italy,MIL,9004263424.0
INWIT,INW,INW.MI,Real Estate,Italy,MIL,8865829888.0
BRUNELLO CUCINELLI,BC,BC.MI,Consumer Cyclical,Italy,MIL,7460910080.0
A2A,A2A,A2A.MI,Utilities,Italy,MIL,7092908032.0
CAMPARI,CPR,CPR.MI,Consumer Defensive,Italy,MIL,7251216384.0
NEXI,NEXI,NEXI.MI,Technology,Italy,MIL,6354831872.0
TELECOM ITALIA,TIT,TIT.MI,Communication Services,Italy,MIL,6378175488.0
PIRELLI & C,PIRC,PIRC.MI,Consumer Cyclical,Italy,MIL,5880214016.0
HERA,HER,HER.MI,Utilities,Italy,MIL,5482477056.0
DIASORIN,DIA,DIA.MI,Healthcare,Italy,MIL,5381001728.0
IVECO GROUP,IVG,IVG.MI,Industrials,Italy,MIL,4163306496.0
ITALGAS,IG,IG.MI,Utilities,Italy,MIL,4984169472.0
BCA POP SONDRIO,BPSO,BPSO.MI,Financial Services,Italy,MIL,5042573824.0
SAIPEM,SPM,SPM.MI,Energy,Italy,MIL,4182262528.0
AZIMUT,AZM,AZM.MI,Financial Services,Italy,MIL,3662281216.0
SHELL PLC ORD EUR0.07,SHEL,SHEL.L,Energy,United Kingdom,LSE,156717039616.0
HSBC HOLDINGS PLC ORD $0.50 (UK,HSBA,HSBA.L,Financial Services,United Kingdom,LSE,153431195648.0
UNILEVER PLC ORD 3 1/9P,ULVR,ULVR.L,Consumer Defensive,United Kingdom,LSE,113886461952.0
RIO TINTO PLC ORD 10P,RIO,RIO.L,Basic Materials,United Kingdom,LSE,77470572544.0
BRITISH AMERICAN TOBACCO PLC OR,BATS,BATS.L,Consumer Defensive,United Kingdom,LSE,69673615360.0
RELX PLC ORD 14 51/116P,REL,REL.L,Industrials,United Kingdom,LSE,69030273024.0
BP PLC $0.25,BP,BP.L,Energy,United Kingdom,LSE,66000187392.0
ROLLS-ROYCE HOLDINGS PLC ORD SH,RR,RR.L,Industrials,United Kingdom,LSE,67001106432.0
GSK PLC ORD 31 1/4P,GSK,GSK.L,Healthcare,United Kingdom,LSE,61266042880.0
LONDON STOCK EXCHANGE GROUP PLC,LSEG,LSEG.L,Financial Services,United Kingdom,LSE,59419922432.0
NATIONAL GRID PLC ORD 12 204/47,NG,NG.L,Utilities,United Kingdom,LSE,47057113088.0
DIAGEO PLC ORD 28 101/108P,DGE,DGE.L,Consumer Defensive,United Kingdom,LSE,46065291264.0
COMPASS GROUP PLC ORD 11 1/20P,CPG,CPG.L,Consumer Cyclical,United Kingdom,LSE,44727283712.0
BARCLAYS PLC ORD 25P,BARC,BARC.L,Financial Services,United Kingdom,LSE,42190454784.0
LLOYDS BANKING GROUP PLC ORD 10,LLOY,LLOY.L,Financial Services,United Kingdom,LSE,41811238912.0
GLENCORE PLC ORD USD0.01,GLEN,GLEN.L,Basic Materials,Switzerland,LSE,38408294400.0
RECKITT BENCKISER GROUP PLC ORD,RKT,RKT.L,Consumer Defensive,United Kingdom,LSE,34232233984.0
3I GROUP PLC ORD 73 19/22P,III,III.L,Financial Services,United Kingdom,LSE,36485677056.0
HALEON PLC ORD GBP0.01,HLN,HLN.L,Healthcare,United Kingdom,LSE,34936004608.0
NATWEST GROUP PLC ORD 107.69P,NWG,NWG.L,Financial Services,United Kingdom,LSE,36074823680.0
EXPERIAN PLC ORD USD0.10,EXPN,EXPN.L,Industrials,Ireland,LSE,32675778560.0
ANGLO AMERICAN PLC ORD USD0.549,AAL,AAL.L,Basic Materials,United Kingdom,LSE,28005206016.0
STANDARD CHARTERED PLC ORD USD0,STAN,STAN.L,Financial Services,United Kingdom,LSE,27893561344.0
IMPERIAL BRANDS PLC ORD 10P,IMB,IMB.L,Consumer Defensive,United Kingdom,LSE,22980388864.0
ASHTEAD GROUP PLC ORD 10P,AHT,AHT.L,Industrials,United Kingdom,LSE,18895296512.0
VODAFONE GROUP PLC ORD USD0.20 ,VOD,VOD.L,Communication Services,United Kingdom,LSE,18397648896.0
ANTOFAGASTA PLC ORD 5P,ANTO,ANTO.L,Basic Materials,United Kingdom,LSE,18036254720.0
SSE PLC ORD 50P,SSE,SSE.L,Utilities,United Kingdom,LSE,16577224704.0
BT GROUP PLC ORD 5P,BT-A,BT-A.L,Communication Services,United Kingdom,LSE,15322809344.0
AVIVA PLC ORD 32 17/19P,AV,AV.L,Financial Services,United Kingdom,LSE,14516424704.0
LEGAL & GENERAL GROUP PLC ORD 2,LGEN,LGEN.L,Financial Services,United Kingdom,LSE,14210682880.0
INTERCONTINENTAL HOTELS GROUP P,IHG,IHG.L,Consumer Cyclical,United Kingdom,LSE,13674063872.0
ASSOCIATED BRITISH FOODS PLC OR,ABF,ABF.L,Consumer Defensive,United Kingdom,LSE,13431331840.0
COCA-COLA HBC AG ORD CHF6.70 (C,CCH,CCH.L,Consumer Defensive,Switzerland,LSE,12611523584.0
SAGE GROUP PLC ORD 1 4/77P,SGE,SGE.L,Technology,United Kingdom,LSE,11881637888.0
SCOTTISH MORTGAGE INVESTMENT TR,SMT,SMT.L,Non disponible,Non disponible,LSE,11666481152.0
NEXT PLC ORD 10P,NXT,NXT.L,Consumer Cyclical,United Kingdom,LSE,11542323200.0
HALMA PLC ORD 10P,HLMA,HLMA.L,Industrials,United Kingdom,LSE,10150129664.0
INFORMA PLC ORD 0.1P,INF,INF.L,Communication Services,United Kingdom,LSE,10128165888.0
SMITH & NEPHEW PLC ORD USD0.20,SN,SN.L,Healthcare,United Kingdom,LSE,9503536128.0
BUNZL PLC ORD 32 1/7P,BNZL,BNZL.L,Consumer Defensive,United Kingdom,LSE,9705364480.0
SEGRO PLC ORD 10P,SGRO,SGRO.L,Real Estate,United Kingdom,LSE,9421580288.0
PEARSON PLC ORD 25P,PSON,PSON.L,Communication Services,United Kingdom,LSE,8404668416.0
RENTOKIL INITIAL PLC ORD 1P,RTO,RTO.L,Industrials,United Kingdom,LSE,8283309568.0
INTERTEK GROUP PLC ORD 1P,ITRK,ITRK.L,Industrials,United Kingdom,LSE,8052641792.0
SEVERN TRENT PLC ORD 97 17/19P,SVT,SVT.L,Utilities,United Kingdom,LSE,7391195136.0
CENTRICA PLC ORD 6 14/81P,CNA,CNA.L,Utilities,United Kingdom,LSE,7154862080.0
MARKS AND SPENCER GROUP PLC ORD,MKS,MKS.L,Consumer Cyclical,United Kingdom,LSE,7119341056.0
WPP PLC ORD 10P,WPP,WPP.L,Communication Services,United Kingdom,LSE,6845111808.0
PERSHING SQUARE HOLDINGS LTD OR,PSH,PSH.L,Non disponible,Non disponible,LSE,6677077504.0
UNITED UTILITIES GROUP PLC ORD ,UU,UU.L,Utilities,United Kingdom,LSE,6722051584.0
SMITHS GROUP PLC ORD 37.5P,SMIN,SMIN.L,Industrials,United Kingdom,LSE,6683405312.0
FRESNILLO PLC ORD USD0.50,FRES,FRES.L,Basic Materials,Mexico,LSE,6746264576.0
AUTO TRADER GROUP PLC ORD 1P,AUTO,AUTO.L,Communication Services,United Kingdom,LSE,6718284800.0
MELROSE INDUSTRIES PLC ORD GBP0,MRO,MRO.L,Industrials,United Kingdom,LSE,6804730880.0
BARRATT REDROW PLC ORD 10P,BTRW,BTRW.L,Consumer Cyclical,United Kingdom,LSE,6255591936.0
WEIR GROUP PLC ORD 12.5P,WEIR,WEIR.L,Industrials,United Kingdom,LSE,6237051392.0
SAINSBURY (J) PLC ORD 28 4/7P,SBRY,SBRY.L,Consumer Defensive,United Kingdom,LSE,5933773824.0
SCHRODERS PLC ORD 20P,SDR,SDR.L,Financial Services,United Kingdom,LSE,6037277696.0
INTERMEDIATE CAPITAL GROUP PLC ,ICG,ICG.L,Financial Services,United Kingdom,LSE,6080261120.0
AIRTEL AFRICA PLC ORD USD0.50,AAF,AAF.L,Communication Services,United Kingdom,LSE,5573704192.0
BEAZLEY PLC ORD 5P,BEZ,BEZ.L,Financial Services,United Kingdom,LSE,5738013696.0
MONDI PLC ORD EUR 0.22,MNDI,MNDI.L,Basic Materials,United Kingdom,LSE,5517213696.0
ST. JAMES'S PLACE PLC ORD 15P,STJ,STJ.L,Financial Services,United Kingdom,LSE,5493539840.0
F&C INVESTMENT TRUST PLC ORD 25,FCIT,FCIT.L,Financial Services,United States,LSE,5297683968.0
CONVATEC GROUP PLC ORD 10P,CTEC,CTEC.L,Healthcare,United Kingdom,LSE,5290097664.0
DIPLOMA PLC ORD 5P,DPLM,DPLM.L,Industrials,United Kingdom,LSE,5480733184.0
HARGREAVES LANSDOWN PLC ORD 0.4,HL,HL.L,Financial Services,United Kingdom,LSE,5246524928.0
SPIRAX GROUP PLC ORD 26 12/13P,SPX,SPX.L,Industrials,United Kingdom,LSE,5172578304.0
RIGHTMOVE PLC ORD 0.1P,RMV,RMV.L,Communication Services,United Kingdom,LSE,5249169408.0
PHOENIX GROUP HOLDINGS PLC ORD ,PHNX,PHNX.L,Financial Services,United Kingdom,LSE,5197753344.0
DCC PLC ORD EUR0.25 (CDI),DCC,DCC.L,Energy,Ireland,LSE,5230423040.0
M&G PLC,MNG,MNG.L,Financial Services,United Kingdom,LSE,5154125824.0
IMI PLC ORD 28 4/7P,IMI,IMI.L,Industrials,United Kingdom,LSE,5079048704.0
GAMES WORKSHOP GROUP PLC ORD 5P,GAW,GAW.L,Consumer Cyclical,United Kingdom,LSE,4833899520.0
ALLIANCE WITAN PLC ORD 2.5P,ALW,ALW.L,Financial Services,United Kingdom,LSE,4711747072.0
KINGFISHER PLC ORD 15 5/7P,KGF,KGF.L,Consumer Cyclical,United Kingdom,LSE,4621608960.0
HIKMA PHARMACEUTICALS PLC ORD S,HIK,HIK.L,Healthcare,United Kingdom,LSE,4531080192.0
WHITBREAD PLC ORD 76 122/153P,WTB,WTB.L,Consumer Cyclical,United Kingdom,LSE,4467099648.0
CRODA INTERNATIONAL PLC ORD 10.,CRDA,CRDA.L,Basic Materials,United Kingdom,LSE,4490857472.0
ENDEAVOUR MINING PLC ORD USD0.0,EDV,EDV.L,Basic Materials,United Kingdom,LSE,4051481600.0
LAND SECURITIES GROUP PLC ORD 1,LAND,LAND.L,Real Estate,United Kingdom,LSE,4164162048.0
ENTAIN PLC ORD EUR0.01,ENT,ENT.L,Consumer Cyclical,Isle of Man,LSE,4155700736.0
HOWDEN JOINERY GROUP PLC ORD 10,HWDN,HWDN.L,Consumer Cyclical,United Kingdom,LSE,4062831616.0
UNITE GROUP PLC ORD 25P,UTG,UTG.L,Real Estate,United Kingdom,LSE,3979481344.0
TAYLOR WIMPEY PLC ORD 1P,TW,TW.L,Consumer Cyclical,United Kingdom,LSE,4042524160.0
HISCOX LTD ORD 6.5P (DI),HSX,HSX.L,Financial Services,Bermuda,LSE,3958919936.0
PERSIMMON PLC ORD 10P,PSN,PSN.L,Consumer Cyclical,United Kingdom,LSE,3858548736.0
JD SPORTS FASHION PLC ORD 0.05P,JD,JD.L,Consumer Cyclical,United Kingdom,LSE,3898297600.0
LONDONMETRIC PROPERTY PLC ORD 1,LMP,LMP.L,Real Estate,United Kingdom,LSE,3621761792.0
POLAR CAPITAL TECHNOLOGY TRUST ,PCT,PCT.L,Financial Services,United Kingdom,LSE,3620138496.0
EASYJET PLC ORD 27 2/7P,EZJ,EZJ.L,Industrials,United Kingdom,LSE,3707342080.0
BERKELEY GROUP HOLDINGS (THE) P,BKG,BKG.L,Consumer Cyclical,United Kingdom,LSE,3694686720.0
BRITISH LAND COMPANY PLC ORD 25,BLND,BLND.L,Real Estate,United Kingdom,LSE,3558986496.0
